restaurant_name,tfidf_keywords
Keg & Grill,"['grill', 'mixed grill', 'grill platter', 'mixed', 'butter chicken', 'salad', 'beer', 'chicken', 'platter', 'butter']"
Bournbrook Pavilion,"['university', 'multi storey', 'liam', 'storey', 'park', 'multi', 'university birmingham', 'venue', 'student', 'selly oak']"
Waki Maki,"['tofu', 'timothy', 'couldn finish', 'finish excellent', 'salty couldn', 'incredibly salty', 'sushi rolls', 'ruby', 'really kind', 'breaded']"
The Jewellery Quarter Birmingham,"['ring', 'jewellery', 'expert', 'men', 'lost', 'advice', 'shops', 'quality', 'area visited', 'definitely want']"
Vietnamese Street Kitchen,"['vietnamese', 'chilli', 'grilled', 'enjoyed', 'traditional', 'starters', 'mains', 'vegetarian', 'kitchen', 'wife']"
The Sunflower Lounge,"['chris', 'bar', 'night', 'priced', 'drinks', 'small little', 'little bar', 'perform', 'friendly felt', 'emerging']"
YO! Birmingham Grand Central,"['hand', 'small', 'expensive', 'small quite', 'sushi conveyor', 'ready sat', 'portion bit', 'people amazing', 'conveyor belt', 'portions small']"
The Arcadian by M,"['hippodrome', 'seafood', 'walk', 'rice tiny', 'sittings', 'service ambience', 'sharing platter', 'excellent park', 'shellfish', 'booked advance']"
Dezhou Style Braised Chicken 德州扒鸡,"['noodles', 'texture', 'braised', 'chicken', 'hand', 'authentic', 'tea', 'cold hot', 'authentic flavorful', 'soup really']"
Pizza Express,"['party', 'kate', 'pizzas', 'birthday party', 'host', 'kids', 'thank', 'birthday', 'success', 'polite definitely']"
Birmingham Blue Nile Restaurant,"['ethiopian', 'blue', 'environment service', 'rich flavours', 'lovely environment', 'dishes people', 'different dishes', 'warm service', 'smile definitely', 'specialty']"
Sol Cafe,"['community', 'poetry', 'night 4th', 'best coconut', 'cafe months', 'people amazing', 'cosy little', 'workshops', 'mic', 've felt']"
Subway,"['subway', 'refund', 'sandwich', 'sandwiches', 'ordering', 'whats going', 'wait just', 'going subway', 'fooled location', 'subway branches']"
Aquarius Action Projects,"['mrs', 'staff work', 'thanks help', 'really difference', 'regular basis', 'basis', 'activities', 'trust', 'really helpful', 'difference']"
Dilshad Indian & Takeaway,"['biryani', 'indian', 'remembered', 'ordering', 'dosas', 'chuck', 'recommend tasty', 'afraid', 'ensure experience', 'making wait']"
Birmingham Royal Ballet,"['ballet', 'dancers', 'company', 'star experience', 'boundaries', 'birmingham enjoyed', 'music really', 'definitely star', 'genres', 'pushing']"
Sweet Pepper,[]
Grand Central Kitchen,"['central kitchen', 'central', 'grand central', 'coffee', 'grand', 'tasting', 'staff friendly', 'spot', 'kitchen', 'popped']"
Hispania Restaurante,"['lamb', 'cannelloni', 'meatballs', 'huge', 'portions', 'thursday night', 'meals portions', 'starter lamb', 'defo coming', 'feel authentic']"
Indi Vidual Bar Birmingham,"['bouncers', 'bouncer', 'dressed', 'told', 'racist', 'id', 'spend money', 'bar', 'allowed', 'let']"
Nexus cafe,"['cafe', 'totally', 'coffee', 'close', 'wonderful garden', 'drink oat', 'definitely perfect', 'venue thank', 'chilling', 'cafe family']"
Costa Coffee,"['swimming pool', 'cafe', 'outdoor', 'swimming', 'sitting', 'away', 'pounds', 'pool', 'appreciated', 'available inside']"
Edgbaston House,"['hotel', 'room', 'windows', '1am', 'reception', 'customer services', 'stay', 'open', 'sleep', 'code']"
The Wellington,"['pub', 'ales', 'cats', 'pubs', 'real', 'real ales', 'live music', 'beer', 'beers', 'live']"
The Goat King,"['goat', 'rav', 'curry', 'goat curry', 'roast', 'king', 'sunday', 'indian', 'fritters', 'lager']"
Costa Coffee,"['coffee', 'costa', 'spot work', 'relaxation', 'inviting', 'discounts', 'cozy', 'newly opened', 'newly', 'costa coffee']"
Premier Inn Birmingham City Centre (Waterloo Street) hotel,"['room', 'breakfast', 'unlimited', 'includes', 'cooked perfectly', 'main', 'attached', 'shower', 'bed', 'starter']"
The Plough Harborne,"['241', 'pizza', 'burger', 'burgers', 'garden', 'spicy', 'meals', 'main', 'vibe', 'unique flavor']"
Britannia Hotel Birmingham,"['room', 'hotel', 'shower', 'towel', 'checked', '41', 'wash', 'tv', 'covered', 'spots']"
Hive Cafe,"['kids', 'library', 'selly oak', 'selly', 'oak', 'nan', 'space', 'really family', 'entertained', 'library café']"
Baguette Du Maison,"['baguette', 'smoothies', 'shop', 'clean', 'store shop', 'clean inviting', 'definitely recommending', 'coming definitely', 'baguette today', 'excellent especially']"
Costa Coffee,"['costa', 'lid', 'cup', 'hand', 'train', 'coffee', 'start', 'long opening', 'drink coffee', 'train catch']"
Medicine Bakery,"['medicine', 'bakery', 'bench', 'medicine bakery', 'brunch', 'smart', 'venue', 'fried chicken', 'lots', 'eggs']"
Loki Wine Bar & Shop Edgbaston,"['wine', 'deli', 'wines', 'card', 'wooden', 'lovely atmosphere', 'wonderful', 'glass', 'shop', 'knowledgeable']"
There Goes Coffee at Centre City Tower,"['coffee', 'amy', 'baristas', 'makes', 'tasty hot', 'cafe definitely', 'cakes coffee', 'makes visit', 'genuine warmth', 'variety tasty']"
Subway,"['subway', 'recent experience', 'speaking', 'cookies', 'recent', 'store', 'member', 'uniform', 'emergency', 'dear']"
Rodizio Rico,"['salad bar', 'salad', 'meat', 'bar', 'brazilian', 'variety', 'plate', 'lamb', 'vegan', 'served']"
World of beauty,"['treatments', 'beauty', 'world', 'makes feel', 'laser', 'feel', 'does', 'feel comfortable', 'makes', 'ease']"
Happy Parents Happy Baby Antenatal Classes - Edgbaston,['nan']
Pizza Hut Restaurants Birmingham Bullring,"['pizza', 'buffet', 'tom', 'venue', 'vegetarian', 'new street', 'kids', 'fresh', 'came', 'lovely just']"
Subway,"['extra', 'days', 'shop small', 'fresh lettuce', 'gherkin', 'amazing asked', 'arrangement', 'places just', 'asian lady', 'best sandwiches']"
Premier Suites - Serviced Apartments Birmingham,"['apartment', 'suites', 'hot water', 'water', 'premier', 'stay', 'paulina', 'accommodation', 'recently stayed', 'little things']"
Holiday Inn Birmingham City Centre by IHG,"['hotel', 'room', 'air', 'rooms', 'conditioning', 'air conditioning', 'fix', 'accessible', 'room didn', 'didn work']"
Henry Wong,"['henry', 'classy', 'professional', 'years ago', 'tender', 'chinese', 'ago', 'lamb', 'cozy', 'flavor']"
The Sly Old Fox,"['pub', 'lovely', 'staff lovely', 'friendly chat', 'lovely absolutely', 'shiny', 'backs', 'soaked', 'bit disappointing', 'gins']"
BRGR BOX,"['burger', 'chicken', 'burgers', 'burger chicken', 'breast', 'bit', 'pizza', 'chicken burger', 'tucked', 'grilled']"
Bridging To The Future,['nan']
Recess at Brindleyplace,"['hotel', 'posh', 'nachos', 'calamari', 'afternoon tea', 'ones', 'husband', 'ended', 'set', 'afternoon']"
Nando's Birmingham - Grand Central,"['seated', 'nando', 'mins', 'queue', 'busy', 'new branch', 'mash', 'wait outside', 'wasn long', 'staff absolute']"
Coffee Tales Jewellery Quarter,"['changing', 'breakfast', 'cakes', 'point thank', 'attached photo', 'cakes sandwiches', 'fully equipped', 'service facilities', 'service portion', 'tea service']"
The Mermaid Bar And Kitchen,"['quite strong', 'rice chips', 'rude asking', 'loyalty', 'staff quite', 'salty couldn', 'taste quite', 'loyalty card', 'couldn staff', 'ok sauce']"
Arabica Cafe - Bakhtawar Trust - Free cafe,"['cafe months', 'drink highly', 'support given', 'free charge', 'service recommend', 'homeless', 'hi', 'recommend friendly', 'atmosphere service', 'cook']"
Burger King,"['king', 'burger king', 'burger', 'burgers', 'location', 'plant', 'high', 'delivered', 'app', 'level']"
Shawarma City,"['shawarma', 'portions', 'arabic', 'recommended don', 'chicken shwarma', 'shawarma ve', 'negatively', 'shwarma', 'far better', 'freshness']"
Cosy Club,"['pancake', 'yum', 'cosy', 'club', 'yum yum', 'beautiful', 'waffles', 'breakfast', 'staff lovely', 'prices']"
Turkish Kitchen Selly Oak,"['chicken strips', 'avoid avoid', 'avoid', 'strips', 'reach', 'smell', 'chicken', 'rice', 'big chef', 'recommend loves']"
Missing Bar,"['missing', 'stage', 'gay', 'pride', 'write', 'bar', 'start night', 'drag', 'piss', 'friend']"
The Dragon Inn - JD Wetherspoon,"['wetherspoons', 'mushy peas', 'spoons', 'mushy', 'pudding', 'peas', 'ale', 'ideal', 'going', 'pub']"
Ming Moon Buffet & Karaoke,"['buffet', 'ming', 'moon', 'feel', 'really enjoyed', 'live cooking', 'wide array', 'replenished', 'tastes perfect', 'soon lovely']"
Coffee Diner,"['breakfast', 'point', 'quickly served', 'breaking', 'breaking bank', 'lady said', 'extractor fan', 'coffee breakfast', 'lady till', 'breakfasts']"
Everyman Birmingham Mailbox,"['cinema', 'lobby', 'luxurious', 'film', 'movie', 'mailbox', 'comfortable', 'experience', 'guys', 'located']"
ASIA ASIA FOOD HALL Birmingham,"['card', 'japanese', 'thai', 'pay', 'pay cash', 'hall', 'cash', 'refund', 'wants', 'topping']"
Barclays Bank,"['bank', 'yasmin', 'account', 'professional', 'stress free', 'asset', 'reassuring', 'advised', 'important', 'stress']"
Temper and Brown,"['roast', 'arrived', 'cajun', 'insisted', 'things', 'missing', 'correct', 'lack', 'stunning', 'understand']"
Boots,"['products', 'box', 'bundle', 'cuz', 'didnt', 'worn', 'buy', 'staff', 'situation', 'store']"
Madras Curries,"['anmol', 'incredibly attentive', 'south', 'buffet', 'recommendations', 'ambiance', 'attentive', 'server', 'dinner', 'excellent']"
Centrala,"['music', 'lovely', 'looks lovely', 'just visit', 'recently refurbished', 'beer vibe', 'small function', 'visit quick', 'carvery', 'music lovely']"
Celebrity Indian Balti - Best Indian Restaurant Birmingham,"['glass', 'sooo bad', 'naan bread', 'sooo', 'water', 'paneer', 'tandoori', 'cause', 'naan', 'cook']"
Kawataku,"['asian', 'affordable', 'korean', 'mailbox', 'matcha', 'shop', 'snacks', 'thank letting', 'waiting check', 'wipes']"
Klassic Grill Bar Restaurant,"['kept', 'receipt', 'rice', 'meat', 'reasonable', 'cubicles', 'robbing', 'uncooked', 'menu online', 'reasonable service']"
The Alpha Cafe,"['centre', 'customer service', 'average', 'customer', 'house', 'city centre', 'reasonable', 'breakfast sandwich', 'napkin', 'chatty definitely']"
Itaewon Korean Restaurant,"['korean', 'incredibly polite', 'say experience', 'visited say', 'halal', 'spicy', 'atmosphere', 'inspired', 'experience exceptional', 'corn']"
Subway,"['subway', 'understand', 'ingredients', 'girl', 'wow', 'kids', 'trying', 'help', 'veggies', 'spot want']"
Circo Student Bar Birmingham,"['bar', 'incredible', 'music', 'provides service', 'bouncers incredibly', 'mic', 'staff favourite', 'night music', 'bar student', 'glorious']"
Costa Coffee,"['costa', 'machine', 'st', 'branch', 'counter', 'better', 'unless', 'use costa', 'roundabout', 'coffee']"
Barchester - Edgbaston Beaumont Care Community,"['care', 'home', 'edgbaston', 'placement', 'thank', 'mum', 'staff', 'pleasure', 'manager', 'capacity']"
All Bar One Brindleyplace,"['canal', 'table', 'saturday', 'cocktails', 'afternoon', 'lovely', 'jasmin', 'whichever', 'weren rushed', 'pepsi max']"
SOHO Coffee Bullring,"['porridge', 'branches', 'toppings', 'matcha', 'iced', 'coffee shop', 'coffee', 'chocolate', 'atmosphere wonderful', 'minute wait']"
Restaurant Folium,"['tasting menu', 'tasting', 'desserts', 'amazing', 'courses', 'michelin star', 'amazing dinner', 'menu', 'wagyu', 'lucy']"
Four Seasons Donya,"['jade', 'jade house', 'takeaway', 'chinese takeaway', 'curry sauce', 'chinese', 'curry', 'menu', 'house', 'years']"
Rajdoot Indian Restaurant,"['dishes', 'lamb', 'rajdoot', 'naans', 'ginger', 'dining', 'ambiance', 'quality', 'pairs perfectly', 'chiken']"
Costa Coffee,"['costa', 'quick service', 'university', 'gets', 'just', 'area downstairs', 'atmosphere university', 'coffee exceptional', 'costa just', 'service level']"
J D Wetherspoon - The Briar Rose,"['hotels', 'pound', 'spoons', 'price', 'brilliant', 'noise', 'double', 'dont', 'centre', 'breakfast']"
Lina Coffee,"['kunafa', 'tea', 'bigger', 'portion', 'desserts', 'little tea', 'value price', 'bigger portion', 'enjoy coffee', 'drink absolutely']"
Edgbaston Golf Club,"['golf', 'edgbaston', 'club', 'venue', 'event', 'guests', 'chef', 'course', 'beautifully', 'appreciative']"
Costa Coffee,"['kids', 'staff', 'fridge', 'hard', 'grab', 'seats', 'shop', 'doing', 'fault', 'door']"
El Azteca @ The Loft 1000 Trades,"['mexican', 'tacos', 'margaritas', 'margarita', 'nachos', 'authentic', 'music', 'soon', 'drinks different', 'loft']"
Impresso Coffee Lounge,"['ice', 'long', 'caramel', 'workers', 'honestly', 'breakfast', 'oat', 'affordable', 'girl', 'dessert']"
Nando's Birmingham - Broad Street,"['nando', 'intentionally', 'breast', 'legs', 'eaten', 'usual', 'worst', 'greeted', 'soon', 'greeted warmly']"
Nando's Selly Oak,"['ice', 'nandos', 'experience definitely', 'guess', 'wait', 'starters', 'reason', 'mains', 'bought', 'clean']"
Instant Offices,['nan']
Tortilla Birmingham Grand Central,"['quesadilla', 'used', 'tortilla', 'salsa', 'large', 'medium', 'putting', 'pork', 'sour cream', 'filling']"
Canvas House,"['lovely', 'lovely people', 'chill', 'people', 'lovely warm', 'know earlier', 'really chill', 'space staff', 'lockdown', 'make new']"
The Queen's Foundation,"['community', 'comfortable', 'phd', 'comfortable accommodation', 'lovely location', 'lovely overall', 'queen', 'comfortable rooms', 'gain', 'shower cubicle']"
Sultan Lounge,"['shisha', 'lounge', 'friends', 'car', 'parking', 'helpful', 'friendly helpful', 'staff', 'tender lamb', 'edinburgh']"
Yorks Cafe - Ikon Gallery,"['gone', 'latte', 'quality', 'rest menu', 'wait inside', 'twice week', 'ingredients cooked', 'better independent', '30 said', 'oat cappuccino']"
Chiro Relief,"['issues', 'doctor', 'suffering', 'pain', 'recommendation', 'visiting', 'knowledgeable', 'hour', 'easy', 'working']"
Birmingham Physiotherapy Limited,"['recovery', 'physio', 'physiotherapist', 'injury', 'nhs', 'knee', 'treatment', 'session', 'advice', 'possible']"
La Galleria,"['italian', 'la', 'generous', 'pasta', 'wine', 'proper', 'best', 'restaurants', 'relaxed', 'pizza']"
200 Degrees Coffee Shop & Barista School,"['dog', 'downstairs', '200 degrees', 'coffee shop', 'coffee', 'degrees', '200', 'completely', 'dogs', 'sit']"
Harborne Tandoori Restaurant,"['100', 'bit', 'outstanding', 'visit family', 'keema', 'drinks choice', 'night ve', 'telephone', 'know ll', 'came yesterday']"
Glaze Room Pottery Painting,"['paint', 'item', 'pottery', 'song', 'slot', 'couple hours', 'items', 'unlimited', 'bags', 'hot drinks']"
The High Field,"['birthday', 'shock', 'mom', 'beautiful', 'happy birthday', 'kids', 'door', 'dessert', 'parking', 'service']"
Food Fellows Coffee Shop at the Library,"['library', 'hot water', 'café', 'water', 'broken', 'university', 'hot', 'sandwich', 'deal', 'staff']"
Bull Ring Indoor Market,"['market', 'essentials', 'african', 'fish', 'vegetables', 'spices', 'buying', 'seafood', 'smell', 'quality']"
Ruby Takeaway Harborne,"['takeaway', 'fresh fresh', 'delivery', 'chinese takeaway', 'disappoint', 'chinese', 'pick', 'fresh', 'priced', 'doesn really']"
Ed's Easy diner,"['beans', 'hard', 'bacon hard', 'risk', 'mushrooms', 'greasy', 'sausages', 'brown', 'toast', 'bacon']"
Locanta italian restaurant,"['gent', 'steak', 'ribeye', 'tiramisu', 'sauce', 'chewy', 'pasta', 'portion sizes', 'cut', 'starters']"
NATIONAL ORGANISATION OF ASIAN BUSINESSES LIMITED,['nan']
Rock Up Birmingham,"['olivia', 'year old', 'child', 'daughter', 'old daughter', 'year', 'climbing', 'confidence', 'reached', 'wall']"
Avanti West Coast Trains First Class Lounge,"['train', 'lounge', 'pepsi', 'platform', 'lemonade', 'ticket', 'snacks', 'early', 'water', 'ok']"
Falafel Munch (Selly Oak),"['falafel', 'fresh', 'lunch', 'vegan', 'crunchy', 'soft', 'light', 'fast', 'lunch box', 'takeout']"
Costa Coffee,"['chris', 'blew', 'excuse', 'cleaning', 'lot', 'costa', 'guy', 'cream', 'staff', 'polite chatty']"
Urban Cafe / Bar / Kitchen - Jewellery Quarter,"['95', 'eggs', 'coffees', 'mins', 'really', 'clear', 'coffee', 'honestly', 'area sunny', '40 mins']"
Java Roastery,"['coffee', 'comfortable seating', 'quiet', 'size', 'matcha', 'better', 'half', 'comfortable', 'coffee ve', 'sure loved']"
Pret A Manger,"['pret', 'pret manger', 'manger', 'worst', 'coffee', 'quite late', 'sure wanted', 'worst customer', 'oatmeal', 'coconut milk']"
The Exchange,"['space', 'rep', 'exchange', 'info', 'birmingham', 'lovely space', 'university birmingham', 'study', 'cafe', 'high']"
Varanasi,"['varanasi', 'decor', 'beautiful decor', 'birthday', 'experience', 'thoroughly', 'entrance', 'impressive', 'attentive', 'beautifully']"
Premier Inn Birmingham City Centre Broad Street hotel,"['spaces', 'parking spaces', 'stay', 'parking', 'pleasant', 'site', 'location', 'stayed', 'hotel', 'rooms']"
Primitivo,"['bar', 'required', 'difficult', 'start finish', 'plate', 'chef', 'prepared', 'wife', 'finish', 'birthday']"
The Queens Arms,"['queen', 'arms', 'pub', 'bar', 'st', 'games', 'queens', 'traditional', 'beer', 'seating']"
Shell,"['pump', 'wash', 'issue', 'petrol', 'guy', 'usually', 'used', 'station', 'working', 'moves']"
Miller & Carter Mailbox,"['steak', 'cabbage', 'team', 'steak cooked', 'cooked', 'entire', 'perfection', 'fantastic', 'enjoyable', 'cooked absolute']"
Costa Coffee,"['costa', 'hospital', 'appeared', 'service', 'standard', 'coffee', 'issue', 'coffee amazing', 'image', 'patients']"
InFusion,"['unless', 'unless enjoy', 'bug', 'horrendous', 'bit overpriced', 'busy bad', 'unless want', 'questionable', 'pig', 'legal']"
ODEON Luxe Birmingham Broadway Plaza,"['cinema', 'movie', 'screen', 'sound', 'luxe', 'film', 'want', 'premium', 'comfort', 'watching']"
Dixy Chicken,"['dixy', 'branches', 'properly', 'fries', 'got', 'sizzler burger', 'walk staff', 'sizzler', 'fries cooked', 'tad pricey']"
Gourmet Burger Kitchen,"['burger', 'bacon', 'gbk', 'burgers', 'fries', 'burger meat', 'identify', 'refund', 'contained', 'beef burger']"
Canalside Bar,"['winter', 'atmosphere inside', 'outside', 'canal', 'seating', 'inside', 'outdoor', 'phone', 'fine', 'beautiful little']"
Cone Hub,"['dessert shop', 'hub', 'dessert', 'cones', 'wow absolutely', 'unique', 'peri', 'pizza', 'concept', 'deserts']"
Primark Café with Disney,"['minimal', 'tables', 'cup', 'waffles', 'cafe', 'menus', 'basic', 'expensive', 'tea', 'wait table']"
Birmingham Post Office,"['desk', 'interrupted', 'patient', 'parcel', 'office', 'post', 'travel', 'liz', 'upset', 'service']"
Dishoom Birmingham,"['dishoom', 'menu', 'options', 'service excellent', 'vegetarian', 'restaurants', 'group', 'table friendly', 'memorable evening', 'excellent vegetarian']"
City Centre,['nan']
COFFEE SHOP MARKETING LIMITED,['nan']
FRESH COFFEE SHOP WOMBOURNE LIMITED,['nan']
Tim Hortons,"['spilled', 'children', 'level', 'meals', 'seating upstairs', 'better tasting', 'atmosphere clean', 'canada', 'favourite coffee', 'service busy']"
Mr Yummy,"['rice', 'egg fried', 'egg', 'chinese', 'fried rice', 'kung', 'a1', 'fried', 'tho', 'multiple times']"
EL&N London - New Street,"['tea', 'iced tea', 'iced', 'breakfast', 'lime', 'rose', 'liked', 'table', 'cake', 'professional']"
Twelfth Man Edgbaston (Previously Edgbaston Sports Bar),"['pub', 'quid', 'eve', 'later', 'new', 'drinks', 'years', 'celebrate friends', 'rip', 'park problem']"
City kebab and pizza house,"['kebab', 'scallop', 'pizza', 'chicken wings', 'wrap', 'potato', 'wings', 'average', 'say', 'chicken']"
Domino's Pizza - Birmingham - Central,"['megan', 'pizza', 'service quick', 'pizzas', 'decided', 'definitely coming', 'taking', 'offered', 'perfectly', 'just']"
Babylon Shisha Bar & Restaurant,"['shisha', 'lounge birmingham', 'awful', 'ignored', 'lounge', 'fast', 'staff', 'recommend helpful', '12 pounds', 'friends shisha']"
Yummy Yummy,"['chow mein', 'chow', 'mein', 'nasty', 'overcooked', 'duck', 'prawns', 'yummy', 'salt', 'takeaway']"
Yorks Cafe - Paradise,"['katie', 'location', 'didn', 'coffee', 'old', 'extremely tasty', 'sourdough toast', 'feel staff', 'met friendly', 'coffee real']"
St martin tea lounge,"['lounge', 'venue', 'tea', 'martin', 'wednesdays', 'smile lovely', 'national', 'socially', 'choice snacks', 'christian']"
Cafe Face,"['muffin', 'coffee', 'cortado', 'student', 'feels', 'brought', 'lamb', 'chocolate', 'recommend stopped', 'devices']"
Ali's Kebab & Grill,"['peri', 'salad', 'trying absolutely', 'clean served', 'favourite spot', 'twice tell', 'peri wrap', 'hygienic', 'service salad', 'service clean']"
Mellow's Bar & Restaurant,"['rice peas', 'jerk', '99', 'peas', 'pasta', 'based', 'lamb', 'cocktails', 'rice', 'portions']"
LEON,"['recommend eating', 'outstanding friendly', 'recommend coffee', 'lover', 'fast', 'fast service', 'dog', 'coffee', 'birmingham new', 'recommend']"
enchante,"['smoothie', 'tacos', 'coming try', 'french', 'owner sweet', 'taco', 'lovely owner', 'prices definitely', 'drinks prices', 'recommend amazing']"
Aria Restaurant,"['despite having', 'today', 'despite', 'lovely', 'birthday', 'outstanding', 'tea', 'came friend', 'lovely anniversary', 'birthday staff']"
Five Guys Burgers and Fries Birmingham New St Station,"['guys', 'store', 'queue', 'staff', 'busy', 'train', 'experience', 'fries', 'needs', 'staffed']"
The Jumbo Chinese Takeaway,"['delivery', 'salt pepper', 'pepper', 'salt', 'delivery driver', 'driver', 'refund', 'money', 'wings', 'person']"
Clayton Hotel Birmingham,"['hotel', 'air', 'room', 'rooms', 'stay', 'working', 'air conditioner', 'pay little', 'conditioner', 've stayed']"
The Jam House,"['night', 'area', 'security', 'toilet', 'simple', 'bar', 'main', 'return', 'music', 'return bar']"
ODEON Birmingham New Street,"['seats', 'screen', 'movie', 'lights', 'cinema', 'smaller', 'sound', 'constantly', 'extremely', 'head']"
Comfort Inn Birmingham,"['hear', 'shrugged', 'room', 'night', 'bed', 'checked', 'disgusting', 'cheap', 'reception', 'late']"
DARE Professional Audio,['nan']
United Travel,"['flight', 'travel', 'united', 'definitely use', 'service professional', 'price', 'ticket', 'chinese', 'excellent service', 'thank']"
Milano bar ristorante,"['lobster', 'delightful tea', 'delightful', 'lunch', 'dinner', 'theatre', 'satisfying', 'tea', 'lobster meat', 'breakfast']"
The Railway,"['pint', 'table', 'stated', 'chips', 'staff', 'theatre', 'city', 'fish chips', 'member staff', 'simple']"
"Goose, The OVT, Selly Oak","['goose', 'liz', 'rocky', 'sangria', 'pub', 'correct', 'holiday', 'accommodating', 'offered', 'service thanks']"
Lasan Indian Restaurant & Cocktail Bar,"['naan', 'starter', 'dishes', 'chose', 'felt', 'flavours', 'really', 'beef', 'gift', 'chicken']"
The Birmingham Stable,"['garlic bread', 'garlic', 'ciders', 'pizza', 'bread', 'nachos', 'gluten free', 'gluten', 'pizzas', 'free']"
Starbucks Coffee,"['honestly', 'kindness', 'quickly', 'thank', 'kristina', 'snoopy', 'lovely view', 'pop quickly', 'young ladies', 'different flavours']"
B:eats,"['glasses', 'member staff', 'table', 'booth', 'member', 'chips', 'eggs', 'fish', 'sit', 'staff']"
Uk fried chicken,"['burger', 'kebab', 'patties', 'donner', 'grill', 'pizza', 'amazing', 'amazing recommend', 'brushes', 'kebab burger']"
Caspian Pizza (Harborne),"['pizza', 'highly recommended', 'pizzas', 'recommended', 'shop', 'wings', 'ingredients', 'far', 'burger', 'meals']"
Pushkar Cocktail Bar & Dining,"['apologetic', 'curry', 'taken', 'persons', 'different dishes', 'table whilst', 'truly best', 've absolutely', 'judgement', '150']"
Del Villaggio - Broad St,"['sandro', 'italian', 'authentic italian', '10', 'attentive service', 'truly', 'perfectly cooked', 'exceptional', '10 10', 'authentic']"
Zizzi - Birmingham Brindley Place,"['zizzi', 'likely', 'halal', 'popped', 'chicken', 'outside enjoy', 'chicken halal', 'visit soon', 'wasn open', 'fish options']"
Pitcher & Piano Birmingham,"['friday night', 'service quick', 'friday', 'amazing', 'nibble', 'brunch lovely', 'gabriel', 'chilled atmosphere', 'coming thank', 'rectify']"
Meriden St & Co,"['vibes', 'smoothies', 'refreshing', 'desserts', 'latte', 'recommend', 'honestly', 'welcoming warm', 'desserts amazing', 'quality honestly']"
St. Martin’s Church,"['architecture', 'church', 'peaceful', 'stained', 'martin', 'historic', 'city', 'st', 'windows', 'quiet']"
JASHARI GYROS,"['greek', 'expect', 'service portion', 'expect staff', 'lady lovely', 'best greek', 'cooked best', 'portion', 'pitta', 'lunch today']"
Bushwackers,"['nationality', 'attend', 'attempt', 'let', 'club', 'security', 'night', 'comes', 'want', 'turned']"
Mitchells & Butlers,"['company', 'gift', 'gift card', 'card', 'tree', 'reach', 'instead', 'shocking', 'use', 'months']"
Starbucks Coffee,"['starbucks', 'panini', 'white', 'costa', 'mixed race', 'white lady', 'race', 'business', '18', 'flat white']"
The Kooples,"['lauren', 'hand', 'help', 'store', 'return', 'hand help', 'hand needed', 'wish little', 'actually perfect', 'looking staff']"
Bubbleology Bullring,"['bubble', 'bubble tea', 'tea', 'bullring', 'customisable', 'hoping', 'fruit', 'times', 'quite', 'branch']"
Hen & Chickens,"['mixed grill', 'grill', 'mixed', 'pint', 'party', 'beer', 'incredible', 'helpful recommended', 'accident', 'disappointed little']"
Birmingham Central Roleplayers Club,['nan']
Starbucks Coffee,"['oat', 'did ask', 'oat milk', 'milk', 'pos', 'pay', 'did', 'drink', 'pay cash', 'cream']"
Savills Birmingham Estate Agents,"['property', 'isaac', 'estate', 'apartment', 'agent', 'mr', 'paperwork', 'process', 'entire process', 'reliable']"
Bar + Block Steakhouse Birmingham City Centre (Waterloo Street),"['zoe', 'steaks', 'forgot', 'steak', 'chef', 'size', 'team staff', 'desperately', 'thank chef', 'work looking']"
The Brasshouse,"['beer', 'pub', 'pub really', 'given', 'chris', 'black sabbath', 'sabbath', 'outside', 'canal', 'seating']"
1900 Restaurant and Bar,"['salad', 'card payment', 'super hot', 'cristina', 'bright clean', 'decor friendly', 'unhurried', 'friendly bit', 'modern decor', 'relaxing atmosphere']"
wagamama birmingham new street,"['table', 'meet', 'gluten', 'wait long', 'fast', 'dishes', 'friend', 'doors', 'chicken', 'little']"
Starbucks Coffee,"['cuppa', 'sad', 'coffee', 'rude', 'tail', 'fairly fast', 'queued', 'lovely drinks', 'cuppa tea', 'fulfill']"
The Birmingham Botanical Gardens,"['plants', 'gardens', 'botanical', 'botanical gardens', 'medicine bakery', 'medicine', 'bakery', 'section', 'garden', 'gift shop']"
Elio Café,"['cafe', 'coffee', 'creating', 'cheesecake', 'ceilings', 'furniture', 'high', 'excellent coffee', 'curated', 'excellent']"
Turtle Bay Birmingham,"['filling', 'jerk', 'cocktails', 'bottomless brunch', 'bottomless', 'seafood', 'brunch', 'amazing', 'server', 'soon']"
McDonald's,"['rush', 'quick', 'maccies', 'wait longer', 'busy rush', 'thrilling', 'lovely visited', 'work hard', 'long waiting', 'waiting check']"
The Moseley Arms,"['stay', 'pub', 'arms', 'city', 'general', 'location', 'stay birmingham', 'rooms', 'bar', 'short']"
Slug & Lettuce - Harborne,"['megan', 'bottomless brunch', 'bottomless', 'brunch', 'amazing', 'max', 'thank', 'absolutely amazing', 'vibes thank', 'happiness']"
Viela JQ: Café / Dance studio,"['tapioca', 'brazilian', 'crepe', 'salad', 'vibe', 'specialty', 'came handed', 'studio', 'lovely surprise', 'truly authentic']"
Caribbean Twist,"['cheese', 'mac cheese', 'mac', 'caribbean', 'outside', 'portion', 'young', 'paid', 'disappointed', 'called store']"
Baguette World,"['kebab', 'piri', 'stomach', 'baguette', 'chicken', 'price better', 'chicken given', 'sake health', 'going cafe', 'manages']"
Happy Land,"['disgusting', 'kind informative', 'disgusting rice', 'visiting absolutely', 'chinese birmingham', 'steamed', 'sea bass', 'mushy', 'definitely visiting', 'bass']"
Devon House Jamaican Restaurant & Bar,"['rice', 'rice peas', '95', 'peas', 'chicken', 'sauce', 'flavours', 'caribbean', 'chicken rice', 'steak']"
Edgbaston Physiotherapy Clinic,"['pain', 'recovery', 'injury', 'george', 'sports', 'highly', 'physiotherapy', 'clinic', 'expertise', 'approach']"
Gourmet Burger Kitchen,"['burger', 'tablet', 'onion', 'onion rings', 'rings', 'service', 'smaller', 'chicken burger', 'needs', 'chicken']"
Lifestyles 2day,['nan']
Pad Thai Restaurant & Karaoke Bar,"['thai', 'karaoke', 'pad thai', 'pad', 'ultimate', 'set menu', 'ribs', 'curry', 'fried', 'set']"
Hotel du Vin Birmingham,"['hotel', 'afternoon', 'suite', 'afternoon tea', 'huge', 'tea', 'room', 'reasonable price', 'excellent', 'breakfast']"
Pepe's,"['called store', 'piri', 'deliveroo', 'joke', 'specially', 'chicken', 'ask', 'yummy', 'branch', 'partner']"
M&S Food To Go,"['store', 'products', 'visited store', 'shop', 'tills', 'section', 'regularly', 'price', 'train', 'items']"
Berlioz Bar,['nan']
Itihaas,"['10', 'thali', 'factor', 'service 10', 'product', 'service', 'table', 'star', 'dishes', 'service table']"
Ming Wah,"['slop', 'bin', 'phoned', 'curry sauce', 'tasteless', 'hardly', 'salt', 'avoid', 'curry', 'poor']"
Caffè Nero,"['cafe', 'dog', 'seating', 'plenty seating', 'book', 'seating area', 'relaxing', 'inside', 'cozy', 'plus']"
grounded. Selly Oak,"['mental', 'mental health', 'students', 'coffe', '10', 'health', '10 minutes', 'asking', 'queue', 'counter']"
Vegan Munch UK,"['wish', 'vegan', 'big portions', 'portions', 'air conditioning', 'conditioning', 'seasoned', 'sauces', 'air', 'big']"
Costa Coffee,"['costa', 'coffee', 'mess', 'child', 'young', 'costa coffee', 'young lady', 'location', 'table', 'drink']"
The Alchemist Colmore Row,"['sister', 'cocktail', 'drinks', 'particularly', 'night', 'cocktails', 'amazing', 'presented', 'visit cocktails', 'secluded area']"
Pepe's,"['chicken', 'rice', 'red', 'bundle', 'local', 'impression', 'bull', 'sticky', 'spicy', 'instead']"
Suizen's Noodle Bar 广东楼,"['chinese', 'cash', 'seven', 'seven years', 'sizes', 'tesco', 'absolutely', 'prices', 'years', 'chilli']"
Niche Cafe,"['small cosy', 'cafe', 'breakfast', 'cosy', 'honest', 'return soon', 'cosy environment', 'totally honest', 'cosy feel', 'options price']"
The Old Rep Theatre,"['theatre', 'station', 'stage', 'new', 'rep', 'view stage', 'acted', 'view', 'street station', 'seats']"
BLANC NRI Birmingham Indian Cuisine,"['blown away', 'absolutely fantastic', 'blown', 'prawns', 'madras', 'indian', 'mains', 'curry', 'lamb', 'lamb chops']"
Costa Coffee,"['costa', 'drive', 'black', 'coffee', 'hair', 'black hair', 'coffee black', 'peace', 'lid', 'blonde']"
Coffee Joint,"['foul', 'coffee', 'cute', 'owner', 'sat', 'gem', 'instead given', 'immediately felt', 'try looked', 'mediterranean']"
Royal 1 club(皇家一号）,"['pounds', 'chinese', 'karaoke', '30', 'fees', 'said yes', 'chopsticks', 'hours', 'misleading', 'charging']"
Caffè Nero,"['closing', 'cafe', 'separately', 'plenty seating', 'seating', 'staff member', 'station', 'drinks', 'member', 'man raise']"
"The Restaurant Hub, Selly Oak","['pedro', 'service pedro', 'atmosphere really', 'team', 'help', 'usually ok', 'stairs lift', 'times usually', 'value excellent', 'mid week']"
King Potatoes,['nan']
Royal Watan Kashmiri Restaurant,"['keema', 'royal', 'mocktails', 'kick', 'unique', 'amazing', 'birthday', 'main', 'staff', 'reasonable']"
Evolve @ Grounded.,['nan']
The Lost & Found Birmingham,"['waitress', 'booking', 'arrived', 'decoration', 'attention', 'undercooked', 'bottomless brunch', 'private', 'helpful friendly', 'bottomless']"
Bacchus Bar,"['visited quiet', 'bar', 'decor', 'beers', 'night', 'wife', 'hotel', 'menu', 'quiet', 'service decor']"
Macdonald Burlington Hotel,"['hotel', 'room', 'breakfast', 'location', 'staff reception', 'clean', 'stay location', 'pillows', 'items', 'bar']"
The Craven Arms,"['ales', 'gig', 'pub', 'real', 'excellent', 'local', 'staff excellent', 'pre', 'selection', 'beers']"
"TOCA Social, Birmingham","['game', 'special', 'staff friendly', 'fun', 'birthday', 'friendly helpful', 'staff', 'comment didn', 'arrived left', 'best staff']"
Espresso Station,"['milk', 'skimmed', 'semi', 'drink', 'coffee', 'situation', 'need', 'train', 'items', 'server']"
Centenary Lounge,"['train', 'sausage', 'told', '7pm', 'station', 'interesting', 'train station', 'art', 'latte', 'getting']"
the garrison,"['grab', 'pint', 'average', 'pub', 'nan', 'birmingham']"
Bella Italia - Birmingham,"['sausage', 'pasta', 'bella', 'prepare', 'really', 'greasy', 'lovely experience', 'chilli', 'chain', 'tables']"
Coventry Building Society Birmingham City Centre,"['rates', 'branch', 'customers', 'ladies', 'helpful', 'thay', 'make difference', 'financial', 'point view', 'friendliest']"
The Big Bulls Head,"['pie', 'pub', 'lasagna', 'lovely', 'room', 'included', 'lunch', 'style', 'old', 'music people']"
The Mela Restaurant Birmingham,"['bland', 'reviews', 'notice', 'indian', 'isn', 'quite', 'curry', 'lamb', 'tell', 'pleasant']"
"Gabriels Pizza, Fish & Chips Harborne Birmingham","['chips', 'gabriel', 'harborne', 'fish', 'shop', 'chippy', 'world', 'best', 'portions', 'spaces']"
Lunchi,"['sausage', 'disappointing', 'cappuccino', 'coffees', 'till', 'fish', 'latte', 'manager friendly', 'fish cake', 'caught']"
Cafe Lovelife,"['brunch', 'ice', 'ice cream', 'cream', 'menu', 'dishes', 'really', 'told', 'toast', 'salt']"
24 Carat Bistro,"['alley', 'rav', 'caribbean', 'curry', 'curry really', 'brown sauce', 'tailor', 'worth paying', 'really chicken', 'away recommend']"
Marmaris Turkish Kitchen,"['turkish', 'know doing', 'absolutely beautiful', 'jewellery quarter', 'jewellery', 'quarter', 'doing', 'guys', 'wonderful staff', 'charcoal']"
Deli Heaven,"['heaven', 'evolve', 'friend lovely', 'popular venue', 'deliver excellent', 'work hard', 'greasy spoon', 'welcome menu', 'mo', 'intense']"
Pasta Di Piazza,"['italian', 'tiramisu', 'negative', 'dishes', 'pasta', 'solid', 'tastes', 'seated', 'classic', 'year']"
Kitty Café Birmingham,"['cats', 'playful', 'adorable', 'true', 'really', 'lovely', 'let', 'little spot', 'adorable staff', 'thanks brilliant']"
Smoke + Ash Pizza,"['pizza', 'ash', 'smoke', 'kids', 'paul', 'wedding', 'knowledge', 'planning', 'trouble', 'pizzas']"
The Red Lion,"['sunday roast', 'roast', 'sunday', 'fab', 'beef pork', 'yorkshire', 'takeaway containers', 'staff owner', 'booked ahead', 'lamb beef']"
Rico Libre — Tapas with a Twist,"['croquettes', 'scallops', 'tapas', 'prawns', 'service friendly', '02 25', 'overall ambience', 'bravas', 'standouts', 'lot flavour']"
The Windsor,"['pool table', 'old', 'pool', 'brum', 'provided', 'pizza', 'pub', 'days', 'tasty hot', 'beautiful old']"
Deli 17,"['tapas', 'deli', 'classy', 'meat', 'quality', 'board', 'quality drinks', 'complained', 'sourced', 'pushed']"
Meriden Hub,['nan']
Holland & Barrett - Birmingham High Street,"['help', 'healthy', 'lots', 'shopping', 'store', 'experienced best', 'purchase asked', 'brought different', 'use home', '11am']"
Chop and Wok,"['nan nan', 'nan', '10', 'smell', '10 10']"
Lane7 The Bullring (Birmingham),"['games', 'bowling', 'playground', 'darts', 'play', 'pump', 'ryan', 'machine', 'connect', 'damien']"
Cucina Rustica,"['italian', 'pasta', 'fun', 'won', 'absolutely spectacular', 'seafood linguine', 'friends absolutely', 'tasty given', 'really quiet', 'tagliatelle']"
No.1 Chinese Cafe,"['bad experience', 'signature', 'noodles', 'guests', 'chinese', 'fried', 'hour', 'priced', 'menu told', 'priced tasty']"
Breakfast & Dessert Corner @ Rooster House (Halal),"['breakfast', 'halal', 'cooked perfection', 'perfection', 'business', 'items', 'rude', 'totally recommended', 'morning lovely', 'staffed']"
Bisque & Bean,"['pottery', 'staff really', 'atmosphere calm', 'painted', 'came group', 'priced staff', 'quiet drink', 'fun family', 'want quiet', 'helpful niece']"
Kafenion,"['busy', 'minutes', 'minutes later', 'pretty', 'drinks', 'stand', 'brunch', 'later', 'waited', 'didn']"
Station Bar,"['quiet', 'prices comfortable', 'bells', 'comfortable ok', 'dive', 'staff recommend', 'recommend want', 'church', 'wetherspoons', 'attentive service']"
Premier Inn Birmingham City Centre Bridge Street hotel,"['room', 'shower', 'premier inn', 'premier', 'minute walk', 'inn', 'clean', 'breakfast', 'bathroom', 'bed']"
Domino's Pizza - Birmingham - Edgbaston,"['pizza', 'deals', 'domino', 'satisfaction', 'franchise', 'eventually', 'refund', 'delivered', 'brought', 'waited']"
Argeela,"['birthday', 'yasmin', 'birthday girl', 'stunning', 'interior', 'night', 'size', 'design', 'shout', 'portion size']"
Figure of Eight - JD Wetherspoon,"['figure', 'jd', 'breakfast', 'spoons', 'pints', 'broad', 'broad street', 'wetherspoons', 'bottomless', 'sticky']"
Hyderabad Wala Birmingham,"['biryani', 'hygiene', 'liver', 'usually', 'piece', 'dishes', 've', 'indian', 'service', 'taste']"
Balsall Heath,['nan']
Pho Birmingham,"['non', 'member staff', 'awesome', 'waited', 'did', 'try', 'smile', 'drinks', 'member', 'card payments']"
Fumo by San Carlo - Birmingham Waterloo St,"['fumo', 'lobster', 'care', 'worse', 'pasta', 'experience', 'cocktails', 'pizza', 'fantastic', 'expensive']"
Indian Halal,"['nan', 'tasty prices', 'comments', 'nan nan', 'wont', 'stall', 'recommend trying', 'prices reasonable', 'indian', 'trying']"
Yakinori Japanese kitchen - Selly Oak,"['chicken katsu', 'katsu', 'soy', 'sauces', 'soy sauce', 'chicken', 'sauce', 'prawn', 'flavourful', 'various']"
Costa Coffee,"['costa', 'began', 'woman', 'till', 'drink', 'film', 'initially', 'trained', 'hot drinks', 'hot']"
Be At One - Birmingham,"['bartenders', 'crowd', 'excellent', 'cocktails', 'drinks', 'respect professionalism', 'friendly handled', 'knew exactly', 'filling staff', 'sublime']"
Sheldon Inns Ltd,['nan']
Bhancha Nepalese & Indian Cuisine,"['nepalese', 'spiced', 'indian', 'chicken', 'paneer', 'platter', 'truly', 'presented', 'chaat', 'saag']"
200 Degrees Coffee Shop,"['café', '200 degrees', 'coffee shop', 'coffee', '200', 'degrees', 'shop', 'brought', 'provided', 'latte']"
Muffin Break,"['muffins', 'takeaway', 'half', 'cold', 'white', 'white lady', 'cold drink', 'complain way', 'won better', 'coffee service']"
Pizza Express,"['waitress', '45', 'amazing', 'smile', 'pretty', 'providing service', 'came super', 'vicki', 'amazing work', 'concerts']"
YO! Birmingham Selfridges,"['sushi', 'soy sauce', 'soy', 'bottle', 'flies', 'fly', '1st', 'sauce', 'sauces', 'waiter']"
The Bull Ring Tavern,"['locals', 'old school', 'pub', 'school', 'worth visit', 'drink', 'old', 'settle', 'singing dancing', 'imaginable']"
wagamama birmingham bullring,"['allergies', 'eating', 'served', 'fast', '14th', 'waiters polite', 'experience today', 'affected overall', 'allergy staff', 'professional welcoming']"
Q+ Social Box,"['nan nan', 'nan', 'birmingham experience', 'history', 'experience highly', 'world', 'highly recommended', 'recommended', 'shop', 'highly']"
Sushi Passion,"['sushi', 'birthday', 'sang', 'chef', 'passion', 'table', 'authentic', 'ram', 'sushi overall', 'tastier']"
Cafe Neo.,"['cafe', 'friendly service', 'cod chips', 'stopped breakfast', 'prices importantly', 'eatery birmingham', 'tasty reasonably', 'centre', 'quality fast', 'quality price']"
Pearce's Shellfish,"['fish', 'fresh', 'today happy', 'oysters', 'feet away', 'imaginable', 'want serve', 'shellfish', 'asked fresh', 'fulfilled']"
Domino's Pizza - Birmingham - Selly Oak,"['domino', 'store', 'following', 'delivery', 'selly oak', 'selly', 'oak', 'payment', 'shoutout', 'discount']"
Costa Coffee,"['mango', 'costa', 'ice', 'branch costa', 'providing service', 'ice drinks', 'twice week', 'ice drink', 'drink absolutely', 'staff providing']"
The Brew Bar Lounge,"['range beer', 'beer perfect', 'scone', 'touches', 'sit outside', 'risk', 'afternoon tea', 'fish chips', 'sandwiches', 'interior']"
Noir 55 Coffee,"['games', 'hours free', 'free', 'caramel latte', 'wifi', 'latte', 'old school', 'caramel', 'wooden', 'coffee']"
The Square Peg - JD Wetherspoon,"['naans', 'wetherspoon', 'complained', 'kids', 'square', 'horrible', 'ages', 'fish', 'option', 'size']"
The Shakespeare,"['pint', 'pub', 'based', 'busy', 'small outside', 'friends did', 'spot beer', 'neck oil', 'meeting friends', 'huge portion']"
Miyako Teppanyaki,"['waiting staff', 'chef', 'japanese', 'waiting', 'funny', 'staff', 'value money', 'end', 'brilliant', 'manager']"
Las Iguanas - Birmingham - Arcadian Centre,"['evening enjoyable', 'absolutely amazing', 'really stood', 'enjoyable', 'taken care', 'thank', 'stood', 'attentive friendly', 'feel welcome', 'excellent service']"
Khan Palace,"['curry', 'lamb', 'improvements', 'biryani', 'major', 'kebab', 'wings', 'takeaway', 'chicken', 'menu']"
Cuore,"['tapas', 'campus', 'university', 'pizza', 'course lunch', 'incredible value', 'mediterranean', 'amazing got', 'promo', 'value absolutely']"
M&S Foodhall,"['cookies', 'supermarket', 'asian', 'english', 'pretends', 'supermarkets', 'triple', 'don', 'expensive', 'store']"
Duck and Scholar,"['lot', 'university', 'drinks', 'getting drinks', 'night fantastic', 'people times', 'ordering drinks', 'make drinks', 'lots memories', 'bit overpriced']"
O'Neill's Harborne,"['helen', 'lovely', 'birthday', 'came drink', 'happy helpful', 'barmaid', 'birthday staff', 'amenities including', 'pay drinks', 'rapid']"
Green Man,"['courses', 'breaded', 'lasagne', 'mushrooms', 'area', 'area visited', 'team working', 'aunt', 'deal 13', 'experience value']"
Chai & Crumbs,"['chai', 'wagyu', 'masala chai', 'loaded', 'latte', 'server', 'chai latte', 'meat', 'masala', 'looking forward']"
JD Sports,"['shoes', 'sports', 'jd', 'minutes', 'instead', 'said', 'instead staff', '120', 'eternity', 'laughing']"
Shell,"['fuel', 'amazon', 'petrol', 'shell', 'station', 'petrol station', 'pay', 'car', 'claiming', 'customers']"
Big John's Selly Oak,"['cheeky', 'gonna', '99', 'burger', 'chips', 'chips lady', 'don really', 'cold chips', 'wings chips', 'definitely ordering']"
TakeawayXpress,['nan']
Sandbox VR,"['game', 'fun', 'activity', 'video', 'squid', 'games', 'play', 'bar', 'touch', 'wife']"
B&B HOTEL Birmingham Centre,"['breakfast', 'hotel', 'rooms', 'hotel stay', 'room', 'peanut', 'stay', 'shower', 'twin room', 'hot shower']"
Highfield dining,['nan']
Jojolapa Nepalese Bar & Kitchen,"['nepalese', 'soya', 'meets', 'culinary', 'dishes', 'husband', 'indian', 'owner', 'restaurants', 'try']"
Brook Street - Birmingham,"['agency', 'work', 'contract', 'street', 'email', 'sent', 'employment', 'client', '2025', 'company']"
"St Bartholomew's, Edgbaston (The Old Church)","['novel', 'church', 'web site', 'henry', 'web', 'children', 'john', 'st', 'site', 'phd']"
Number One Pizza Ltd,['nan']
The Cube,"['room', 'hotel', 'wedding', 'poor', 'disappointed recommend', 'air', 'ago', 'key', 'reviews', 'door open']"
Chao Vietfood - Drinks and Banh Mi,['nan']
Chung Ying,"['sum', 'vegetarian', 'pork', 'alongside', 'vegan', 'dumplings', 'gluten free', 'rolls', 'gluten', 'noodles']"
BrewDog Birmingham,"['beers', 'ipa', 'little pricey', 'burger', 'just don', 'concept', 'pricey', 'little', 'lunch', 'wings']"
Pieminister,"['chloe', 'bite', 'quick bite', 'conversation', 'getting', 'service', 'dining', 'visit visited', 'took make', 'area definitely']"
BURGER & SAUCE - Selly Oak,"['burger', 'nachos', 'beef', 'fries', 'signature', 'stale', 'sauce', 'wings', 'dry', 'disappointing']"
Chapter Edgbaston,"['birthday', 'ciabatta', 'soup', 'bowl', 'son', 'tiny', 'roast', 'disappoint', 'son birthday', 'cup']"
60 Severn Street,"['staff serving', 'serving excellent', 'excellent definitely', 'central birmingham', 'birmingham friendly', 'central', 'stars', 'serving', 'centre', 'friendly staff']"
Cafe W,"['hell', 'cortado', 'oasis', 'doors', 'strong', 'calm', 'shopping', 'sweet', 'away']"
Three Church Road Restaurant,"['church', 'road', 'sandwiches', 'retirement', 'ham', 'afternoon', 'tuna', 'exquisite', 'fillings', 'sad']"
Costa Coffee,"['costa', 'prepared', 'drink', 'drinks', 'drinks highly', 'store sadly', 'drinks served', 'didn add', 'enjoyed experience', 'space really']"
Malt House,"['beautiful definitely', 'balcony', 'dine', 'canal', 'beautiful', 'view', 'able', 'ordering', 'drink', 'waited little']"
The Rose Villa Tavern,"['pub', 'guinness', 'revamp', 'pint', 'benches', 'pint guinness', 'ale', 'photos', 'jewellery quarter', 'jewellery']"
MyCookieDough Birmingham,"['dough', 'cookie', 'cookie dough', 'stack', 'cream', 'lotus', 'oreo', 'milkshake', 'overly', 'ice cream']"
"Black Sheep Coffee - AC Hotel by Marriott, The Mailbox","['coffee', 'chris', 'shop', 'coffee shop', 'shops', 'shop small', 'just passing', 'service given', 'turns', 'growing']"
Citywalk Sips,"['perfect coffee', 'coffee', 'morning perfect', 'quality fresh', 'extra effort', 'want quality', 'vanilla', 'speedy', 'oat latte', 'super convenient']"
Pepper Chef,"['cash', '10', 'solid 10', 'menu', 'solid', 'chinese', 'takeaway', 'hot', 'dishes', 'cold chicken']"
Felsons - Birmingham,"['hopefully', 'pool', 'disabled', 'play', 'friends', 'using', 'saturday', 'friends play', 'staff cool', 'staff standing']"
Fruit & Ice Beverages,"['matcha', 'ice', 'pistachio', 'fruit ice', 'pistachio latte', 'croissants', 'chicken tikka', 'tikka', 'center', 'fruit']"
"Britannia, Birmingham Grand Central Car Park","['paid', 'reg', 'station', 'carpark', 'pay', 'plate', 'error', 'wrong', 'train station', 'bull']"
Karaoke Box Birmingham,"['walk', 'thursday evening', 'signs', 'ya', 'staff vibes', 'prefer service', 'attentive informative', 'daniel', 'booked advance', 'waiting staff']"
Damascena Coffee House Birmingham City Centre,"['coffee', 'hamza', 'really quality', 'chai', 'iced', 'coffee shop', 'park', 'menu', 'latte', 'quality']"
The Avenue Club and Lodge,"['mould', 'room', 'shower', 'bathroom', 'staff helpful', 'stay', 'help', 'serving', 'helpful', 'venue']"
Braska Coffee,"['flat white', 'coffee', 'flat', 'white', 'milk', 'greggs', 'espresso', 'burnt', 'drink', 'juice']"
Livingwell Cafe,[]
Lobby on Hill Street,"['afternoon tea', 'lobby', 'afternoon', 'tea', 'holiday', 'holiday inn', 'peaky blinders', 'blinders', 'peaky', 'cream']"
Cherry Red's Cafe Bar,"['baby', 'helpful', 'lots', 'seating friendly', 'albeit', 'having cafe', 'bottle water', 'table little', 'walk birmingham', 'cafe bar']"
Seip İpe Cafe,['nan']
Boston Tea Party Edgbaston,"['botanical', 'botanical gardens', 'brunch', 'eggs benedict', 'benedict', 'gardens', 'little', 'eggs', 'breakfast', 'inside']"
Pret A Manger,"['porridge', 'morning', 'try', 'coffee', 'fresh', 'electrical', 'filter coffee', 'gave discount', 'code toilet', 'coffee breakfast']"
Wasabi Sushi & Bento,"['train', 'sushi', 'throw away', 'throw', 'hot', 'journey', 'self', 'takeaway', 'away', 'water']"
Genting Casino Birmingham Chinatown,"['chinese', 'players', 'machines', 'venue', 'racial', 'chinese dishes', 'hot pot', 'individuals', 'ur', 'drinks reasonable']"
The Selly Park Tavern,"['sunday', 'sunday lunch', 'selly', 'recommend', 'park', 'pub best', 'efficient definitely', 'pet friendly', 'tasty reasonably', 'high table']"
The Layers,"['tiramisu', 'dubai', 'dubai chocolate', 'latte', 'cheesecake', 'strawberry', 'chocolate', 'reasonable really', 'recommend experience', 'large range']"
Barajee,"['garlic', 'chicken cooked', 'chicken', 'tone', 'lacked', 'asked', 'wonderful', 'experience', 'cooked', 'returning']"
Kanteen,"['tea', 'vegan options', 'vegan', 'lovely cafe', 'opening times', 'work oat', 'basics', 'breakfast tea', 'oatmeal', 'chat whilst']"
SOFE STORE,"['designs', 'designed', 'store', 'fast', 'quality', 'print', 'store range', 'shipped', 'nicely designed', 'responses']"
Balcony Bar,"['poor service', 'poor', 'service', 'surcharge', 'hehe', 'didn clue', 'woeful', 'service customer', 'embrace', 'escape busy']"
Slug & Lettuce - Birmingham,"['bella', 'loud music', 'came asked', 'said', 'concert', 'word', 'drink', 'happened', 'loud', 'bar']"
Piccolino Birmingham,"['italian', 'birthday', 'likes', 'definitely', 'walked', 'really starters', 'scoops gelato', 'birthday song', 'genuinely thoughtful', 'asked better']"
Cafe shop,['nan']
Blank Street Coffee,"['queue', 'blank street', 'street', 'blank', 'app', 'sorry didn', 'drinks', 'coffee', 'waste', 'sorry']"
"Marco Pierre White Steakhouse, Bar & Grill Birmingham","['view', 'views', 'sirloin', 'steak', 'steaks', 'songs', 'rooftop', 'rings', 'onion rings', 'voucher']"
Starbucks Coffee Birmingham New Street 3,"['starbucks', 'product', 'promotional', 'service truly', 'warm smile', 'greeted warm', 'greeted', 'smile', 'outstanding service', 'coffee']"
Sabai Sabai - Harborne,"['thai', 'mo', 'flavour', 'alex', 'harborne', 'just', 'platter', 'cuisine', 'sauces', 'packed']"
McDonald's,"['mcdonald', 'size', 'bread', 'kid', 'hair', 'drive', 'hygiene', 'egg', 'vegan', 'member']"
Baloci,"['baloci', 'taster', 'stay', 'persian', 'anniversary', 'experience', 'taster menu', 'baklava', 'vegetarian', 'escape']"
Bill’s Bullring Restaurant,"['way better', 'pancakes', 'better', 'breakfast', 'decent', 've', 'table', 'choices', 'usually', 'didn']"
Cafe 55,"['spring rolls', 'spring', 'pancakes', 'rolls', 'duck', 'tiny', 'try', 'reviews', 'ripped', 'weren fresh']"
Restaurant at Birmingham College of Food,"['learning', 'courses', 'guiding', 'lamb', 'chefs', 'pre', 'yummy', 'students', 'eaten', 'plus']"
Tesco Cafe,"['stella', 'cooked lovely', 'staff coffee', 'tescos', 'friendly staff', 'peak hours', 'cafe service', 'service incredible', 'really looked', 'garlic bread']"
wagamama birmingham brindley place,"['rosie', 'table', 'sat', 'treated', 'table number', 'came', 'lauren', 'received', 'delay', 'lunchtime']"
Buonissimo Restaurant Birmingham,"['chef', 'mark', 'knives', 'delightful', 'forks', 'special', 'tiramisu', 'hospital', 'want', 'quality service']"
Chicken.Com,"['missing', 'past', 'chicken', 'half', 'lamp', 'bucket', 'ended having', 'heat lamp', 'sake health', 'times past']"
The Trocadero,"['lucy', 'helen', 'short exceptional', 'exceptional warm', 'thoughtful touch', 'touch really', 'hesitation', 'warm friendly', 'special shout', 'sophie']"
Subway,"['subway', 'smallest', 'west', 'stores', 'slice', 'tomato', 'picked', 'serve', 'sandwich', 'away']"
Bamboo Garden 翠竹轩,"['sweet sour', 'sour', 'sweet', 'private', 'dining', 'chips', 'soup', 'opened', 'pick', 'phone']"
Jens Cafe,"['menu asked', 'pressed', 'sliced', 'baguette', 'believe', 'told', 'asked', 'menu', 'don', 'got']"
Pizza Express,"['pizza', 'pizza express', 'express', 'scoop', 'king prawn', 'son', 'prawn', 'king', 'shared', 'vegan']"
Amaa Dosaa,"['dosa', 'dosas', 'south', 'biryani', 'paneer', 'curries', 'gravy', 'masala', 'forgot', 'butter']"
KFC,"['kfc', 'kiosk', 'fried', 'behavior', 'chicken', 'fried chicken', 'unacceptable', 'disabled', 'seating', 'halal']"
Frizzenti,"['cocktails', 'bar', 'refund', 'interested', 'job', 'bar staff', 'principle', 'trades', 'quiet perfect', 'recieve']"
Bar Estilo,"['tapas', 'set', 'wraps staff', 'hot presented', 'presented did', 'visited wife', 'vegan selection', 'thighs', 'recommended selection', 'ambience clean']"
Zizzi - Birmingham Mailbox,"['daughter', 'zizzi', 'manager', 'bathroom', 'attend', 'lack', 'asked', 'main', 'unhappy', 'service point']"
Malmaison Birmingham,"['room', 'stay', 'breakfast', 'spacious', 'staying', 'bottled water', 'amazing stay', 'bottled', 'birmingham', 'right']"
Jumpin Jackets,"['amazing', 'amazing service', 'portion massive', 'quick make', 'taco', 'keeps coming', 'kind makes', 'sure just', 'jackets', 'area enjoy']"
Starbucks,['nan']
"Giraffe, Grand Central","['fry', 'stir fry', 'stir', 'tough', 'really', 'conversations', 'calamari', 'tasted', 'finish', 'lovely']"
Divine Desserts Birmingham,"['desserts', 'chelsea', 'chocolate', 'karak chai', 'karak', 'cake', 'waffle', 'chai', 'item', 'selly oak']"
Original Patty Men,"['fries', 'burger', 'burgers', 'specials', 'patty', 'beef', 'slaw', 'pineapple', 'american', 'tofu']"
Tin Sing Chinese Take Away,"['chinese', 'best chinese', 'rice noodles', 've', 'tasteless', 'rice', 'noodles', 'sorry', 'dry', 'wouldn']"
GRiT food & drink,['nan']
Hennessey's Bar,"['understandable', 'sports', 'venue', 'wrap', 'fab', 'night', 'booked', 'brilliant', 'space', 'people including']"
The London and North Western - JD Wetherspoon,"['bar', 'waiting', 'fairy', 'people', 'people waiting', 'shortly', 'comments', 'spoons', 'long', 'worked']"
O2 Academy Birmingham,"['venue', 'o2', 'night', 'gig', 'sound', 'ticket', 'academy', 'o2 academy', 'venues', 'page']"
Pizza Hut Restaurants Birmingham,"['kids', 'pizza', 'half', 'kids free', 'half term', 'free', 'kate', 'pizza hut', 'hut', 'vegan']"
Bubble Waffles,"['driver', 'dessert', 'creamy', 'sorry', 'rich creamy', 'kunafa', 'mocktails', 'shop', 'waffle', 'overpriced']"
Grosvenor Casino,"['cctv', 'minimum', 'vodka', 'pit', 'offered drinks', 'bet', 'casino', 'incompetent', 'miserable', 'min']"
Tonkotsu Birmingham Selfridges,"['ramen', 'tonkotsu', '10', 'staff lovely', '10 10', 'packed rich', 'thank best', 'incredibly kind', 'reasonable considering', 'lunch date']"
Birmingham,['nan']
Subside Bar,"['rock', 'music', 'ozzy', 'friendly bar', 'electric', 'black sabbath', 'bar', 'sabbath', 'gig', 'atmosphere']"
Travelodge Birmingham Central Bull Ring,"['room', 'travelodge', 'hotel', 'min walk', 'horrible', 'min', 'taxi', 'walk', 'desk said', 'longer available']"
Depot Climbing Birmingham,"['climb', 'ella', 'gym', 'climbing', 'videos', 'fun', 'bars', 'centre', 'sets', 'staff welcoming']"
Zoroaster,"['baloci', 'exclusive', 'live music', 'bar', 'live', 'cocktails', 'venue', 'music', 'wines spirits', 'boutique']"
Birmingham New Street,"['trains', 'platforms', 'train', 'station', 'shops', 'hidden', 'departure', 'bull', 'facilities', 'better']"
Piri Fino - Selly Oak,"['chicken', 'rice', 'chips', 'restuarant', 'piri', 'reply', 'ben', 'chicken rice', 'bag', 'selly oak']"
The Alexandra,"['seats', 'theatre', 'row', 'wheelchair', 'entrance', 'bar', 'topped', 'stage', 'shows', 'small']"
Ouro Gold Teeth Birmingham,"['gold', 'teeth', 'jay', 'rated', 'got', 'process', 'white', 'work', 'person', 'let']"
Rooster House,"['bones', 'rice', 'white rice', 'wasnt', 'bone', 'dumplings', 'chicken', 'bits', 'health', 'self']"
Harry Ramsden's Selly Oak,"['fish', 'fish chips', 'chips', 'refund', 'asked refund', 'curry sauce', 'curry', 'portions', 'manager', 'warm hot']"
Subway,"['sub', 'mistakes', 'close', 'machines', 'request', '11', 'hungry', 'sandwich', 'ordering', 'check']"
"Radisson Blu Hotel, Birmingham","['hotel', 'stay', 'room', 'city', 'stay hotel', 'ac', 'welcoming helpful', 'offered', 'views', 'windows']"
Coffee Point,"['omelette', 'coffee', 'best']"
Arco Lounge,"['lounge', 'vegan', 'bang', 'avocado', 'thank', 'difficult', 'appreciated', 'feel', 'returning', 'enjoyable']"
Big Max Grill,"['50p', 'card', 'stated', 'extra', 'guy', 'price', 'guys', 'fries', 'reluctantly', 'amazing combination']"
Valiant Pub Company Limited,['nan']
Tapas Deli Coffee & Bakery,['nan']
Five Guys Burgers and Fries Birmingham Bullring,"['fries', 'burger', 'burgers', 'didn really', 'big', 'chips', 'overall worth', 'surprises', 'totally worth', 'cleaning tables']"
Park Regis Birmingham,"['room', 'stay', 'hotel', 'rooms', 'night', 'concert', 'visit birmingham', 'sick', 'smell', 'comment']"
Naked Chicken JQ,"['wow', 'chicken', 'burger', 'fries', 'memorable thanks', 'chicken instead', 'clean lovely', 'real shame', 'refried', 'disappointed received']"
J&H Coffee,"['matcha', 'tea', 'cheesecake', 'mochi', 'fruit ice', 'ice tea', 'studying', 'white', 'tell', 'pot']"
The Peroni Piazza,"['worst', 'cocktails', 'mojito', 'earth', 'couple weeks', 'weeks ago', 'mocktails', 'patrons', 'roof', 'discount']"
Papa Johns Pizza,"['papa john', 'papa', 'john', 'feel valued', 'pizza', 'crust', 'valued', 'hot fresh', 'customer', 'garlic']"
Edgbaston Street Car Park,"['spaces', 'parking', 'park', 'car park', 'cars', 'car', 'floor', 'bike', 'exit', 'pounds']"
Pret A Manger,"['pret', 'favourite', 'space', 'space outside', 'mornings', 'amazing caring', 'cost cutting', 'cutting', 'thank bringing', 'lot seating']"
Ciao Bella Desserts,"['desserts', 'bella', 'bakery', 'waffle', 'cheesecake', 'pastries', 'cake', 'cakes', 'dessert', 'moment']"
Dixy Chicken,"['dixy', 'chicken', 'sizzler', 'wings', 'fresh', 'fresh hot', 'soggy', 'fries', 'hot', 'fried chicken']"
Rhymers Tower Restaurant,['nan']
Faculty Coffee,"['coffee', 'coffee shop', 'hands best', 'flat white', 'hands', 'flat', 'shop', 'cup', 'birmingham', 'white']"
Golden Bar Milk Tea,"['kong style', 'hong', 'hong kong', 'kong', 'pork', 'fried', 'style', 'rice', 'taste menu', 'really best']"
Cafe 52,['nan']
Staybridge Suites Birmingham Aparthotel by IHG,"['didn make', 'rooms', 'bed', 'pay money', 'suites', 'response', 'worst', 'money', '30pm', 'beds']"
Santorini Greek Restaurant,"['greek', 'complimentary', 'desserts', 'added', 'greeted', 'service', 'portions', 'overall got', 'chose experience', 'say exceptional']"
Costa Sports Centre - University Of Birmingham,"['costa', 'froth', 'sandwich', 'son', 'serve', 'milk', 'point', 'god bless', 'did mention', 'consumption']"
Ju Ju's Cafe Birmingham,"['dog', 'came', 'tasted', 'amazing', 'lovely', 'recommend', 'meaty', 'guessing', 'eating drinking', 'looked did']"
Harborne Kitchen,"['menu', 'tasting menu', 'kitchen', 'chefs', 'interesting', 'tasting', 'open plan', 'taster menu', 'wine', 'wine pairing']"
AutoBrew | Bar & Café Digbeth,"['beer', 'card', 'pour', 'beers', 'bar', 'local', 'concert', 'craft', 'small', 'tap']"
ALDI,"['aldi', 'store', 'fresh produce', 'cricket', 'queues', 'supermarket', 'produce', 'budget', 'layout', 'section']"
Starbucks Birmingham Bullring - Upper,['nan']
ibis Birmingham New Street Station,"['room', 'brilliant stay', 'bedding', 'rooms', 'stay', 'breakfast', 'arrival', 'staying', 'late', 'choices']"
Alexander Chapel Recruitment,"['recruitment', 'mark', 'job', 'agency', 'chapel', 'thank', 'dealt', 'role', 'offered', 'contact']"
The Old Crown,"['noisy', 'city', 'night', 'group', 'pub', 'city centre', 'beer', 'old', 'staying night', 'ended staying']"
The Rainbow,"['large', 'pub', 'floors', 'beers', 'outdoor', 'small', 'vegan', 'beer', 'venue', 'pub staff']"
Snow House Bar Birmingham,"['toasted', 'far', 'house', 'sausages', 'sausage', 'guy', 'welcome treat', 'german market', 'visit small', 'beef pork']"
JOE & THE JUICE,"['joe', 'lavender', 'matcha', 'juice', 'grace', 'shake', 'words', 'avocado', 'standards', 'quality']"
All Bar One New Street Station,"['party', 'alex', 'tom', 'guest', 'birthday', 'amazing', 'thank', 'taking', 'drinks', 'girls birthday']"
Cafe Gazette,"['jacket', 'jacket potato', 'beans', 'potato', 'tasty', 'enjoy tasty', 'coffee average', 'according', 'allow use', 'today wow']"
Polo Pasta,"['pasta', 'salad', 'chicken', 'hard', 'potato', 'cakes', 'city centre', 'size', 'recommend heading', 'visit definitely']"
"Birmingham Running, Athletics & Triathlon Club","['inclusive', 'club', 'really friendly', 'really', 'friendly']"
Courthouse Clinics,"['clinic', 'treatment', 'results', 'helen', 'caring', 'professional', 'advice', 'staff', 'amazing staff', 'check']"
Noble Room,"['campus', 'university', 'roast beef', 'make way', 'people don', 'price best', 'best', 'network', 'don expect', 'outlet']"
Asha's Indian Restaurant & Cocktail Bar,"['asha', 'indian', 'poppadoms', 'rice', 'decor', 'world', 'notch', 'price', 'amazing', 'experience']"
Mount Fuji,"['japanese', 'ramen', 'bento', 'sushi', 'tonkotsu', 'prawn', 'flavors', 'gyoza', 'authentic japanese', 'broth']"
Vodafone,"['plan', 'phone', 'credit', 'months', 'history', 'told', 'unprofessional', 'sister', 'ee', 'disrespectful']"
Starbucks Coffee,"['starbucks', 'jug', 'milk', 'coffee', 'eye', 'experience', 'staff', 'tuesday evening', 'helped choose', 'choose options']"
Bullring,"['shopping', 'bullring', 'bullring grand', 'central', 'shopping centre', 'grand central', 'leisure', 'centre', 'grand', 'shoppers']"
Reiss Birmingham,"['dress', 'store', 'dresses', 'colour', 'selfridges', 'staff exceptional', 'try', 'team members', 'anna', 'right']"
River Island,"['fitting', 'fitting room', 'store', 'different size', 'really liked', 'room', 'clothes', 'size', 'liked', 'items']"
Millies Cookie's Birmingham Bull Ring Shopping Centre,"['cookies', 'chelsea', 'millie', 'allergies', 'cookie', 'service amazing', 'treats', 'thank', 'partner', 'asked allergies']"
ZARA,"['store', 'self checkout', 'self', 'checkout', 'fitting', 'clothing', 'shoe', 'staff member', 'tag', 'long']"
Hylton Cafe,"['eggs', 'cafe', 'poached eggs', 'cooked', 'poached', 'bacon', 'english', 'gem', 'outstanding', 'home']"
Campus Express,"['coffee', 'nan', 'range snacks', 'beautiful setting', 'additional cost', 'birmingham campus', 'coffee quality', 'service lunch', 'cakes coffee', 'coffee stop']"
Rosies - Birmingham,"['rosie', 'room', 'friday night', 'night', 'booth', 'dj', 'friday', 'rooms', 'booked', 'extra']"
Ali Baba Coffee House,"['ali', 'shisha', 'uni', 'unreal', 'literally', 'flavors', 'haven', 'stop', 'perfect', 'word say']"
"Medicine Bakery, Selfridges","['dry', 'maple', 'texture', 'pecan', 'medicine', 'reality', 'tough', 'bakery', 'sweet', 'bun']"
The Button Factory,"['roof terrace', 'roof', 'terrace', 'building', 'outstanding', 'decor', 'staff', 'mods', 'arrange', 'atmosphere looks']"
Athens Greek Restaurant,"['plates', 'floor', 'guests', 'greek', 'fall', 'night', 'tables', 'booked', 'pay', 'smashed']"
"The Victoria, Birmingham","['shirt', '3rd', 'april', 'fancy', 'disabled', 'drinks', 'chairs', 'man', '30', 'person']"
BRIG Café at The Warehouse,"['vegan', 'burger', 'cafe', 'chips', 'warehouse', 'burger chips', 'best ve', 'basic', 'fantastic', 'environment']"
TUI Holiday Store,"['booking', 'holiday', 'michelle', 'especially busy', 'appointment', 'requests', 'handled', 'takes', 'new street', 'thank']"
Sliced N Diced,"['games', 'play', 'adam', 'cafe', 'selection', 'choose', 'paid', 'beer', 'little', 'lovely trouble']"
The Physician,"['physician', 'bar area', 'beautiful', 'building', 'massive', 'lamb', 'fish', 'range', 'walk', 'lots']"
Dominiques,"['baguette', 'sandwich', 'fillings', 'shop', 'staff superb', 'pleasant service', 'selection foods', 'sauce wish', 'way train', 'excellent choice']"
Pizza Pepper (Selly Oak),"['ordering', 'cold', 'pizza', 'forgot', 'beacuse', 'just', 'act', 'drink', 'bother', 'sauces']"
Caffè Nero,"['nero', 'available', 'fi', 'wi fi', 'wi', 'toilet', 'aggressive', 'barista', 'coffee', 'cafe']"
Trentina JQ,"['focaccia', 'pasta', 'cheese', 'yum', 'flavours', 'dishes', 'yum yum', 'sauce', 'vegan cheese', 'devon']"
Starbucks Coffee,"['bread', '99', 'early', 'chocolate', 'seed', 'charge phone', 'minutes cook', 'work didn', 'theyve', 'lately']"
Geek Retreat Birmingham,"['games', 'downstairs', 'pre', 'gaming', 'board games', 'tram', 'train', 'events', 'board', 'bus']"
Mr Egg,"['chicken', 'fav', 'popcorn', 'sweet potato', 'milkshake', 'potato', 'crispy', 'sweet', 'tea', 'chips']"
MPW Birmingham,['nan']
三茶一生Daliy Dose Cafe,"['milk tea', 'super', 'milk', 'tea', 'think', 'taste']"
Fumo by San Carlo - Birmingham Selfridges,"['dishes', 'lobster pasta', 'fumo', 'hello', 'lobster', 'smaller', 'waiting', 'selfridges', 'portions', 'pasta']"
The Blue Piano,"['piano', 'blue', 'jazz', 'music', 'live jazz', 'perform', 'truly special', 'venue', 'unforgettable', 'windows']"
Kimiko Japanese Kitchen,"['sushi', 'curry', 'relatively small', 'tasty decent', 'chicken katsu', 'decent located', 'located inside', 'came fresh', 'portion', 'large portion']"
Banana Tree Birmingham Bullring,"['pad', 'pad thai', 'thai', 'tree', 'banana', 'birthday', 'bang', 'sticky', 'girl', 'dessert']"
The Hive Cafe and Bakery,"['hive', 'salads', 'fresh', 'rooftop', 'salad', 'healthy', 'mushroom', 'tasty', 'cafe', 'really']"
San Carlo - Birmingham,"['italian', 'seafood', 'carlo', 'san carlo', 'san', 'martini', 'lacked', 'flavour', 'grill', 'pasta']"
Go Mex,"['burrito', 'minced', 'mess', 'money', 'beef', 'meat', 'easy', 'sloppy', 'taste cooked', 'minor downside']"
St Philips Chambers,"['case', 'mr', 'handled case', 'professionalism', 'handled', 'support', 'dedication', 'professional', 'highly recommended', 'highly']"
Costa Coffee,"['costa', 'cappuccino', 'latte', 'places', 'mobile', 'wi fi', 'wi', 'costed', 'fi', 'make mistakes']"
Arker,['nan']
Evolve at the Adam & Eve,"['helping people', 'purpose', 'helping', 'meeting', 'people', 'venue', 'filling best', 'lots memories', 'tescos', 'using fresh']"
Bank Of China,"['bank', 'china', 'avoid avoid', 'avoid', 'branch', 'banking', 'available small', 'strict', 'service available', 'used service']"
Pennyblacks,"['indian', 'peri', 'tapas', 'mailbox', 'waiting', 'drinks', 'presented', 'recently', 'saw new', 'sizes amazing']"
Pizza Hut Edgbaston (Halal),"['pizza', 'hut', 'pizza hut', 'sure perfect', 'perfect', 'man raise', 'really cares', 'pizza hot', 'better man', 'staff sure']"
OCHA Cafè,"['matcha', 'tiramisu', 'roll', 'mango', 'cafe', 'cream', 'latte', 'matcha latte', 'pistachio', 'indoor']"
Social Kitchen,"['usually busy', 'new friends', 'quesadillas', 'lessons', 'gathering', 'nachos', 'suitable', 'mac cheese', 'mac', 'meeting']"
Hotel Chocolat,"['chocolate', 'cups', 'hot chocolate', 'shop', 'hotel', 'hot', 'yogurt', 've know', 'tremendous', 'thought quite']"
Tonight Josephine - Birmingham,"['amazing night', 'ella', 'sara', 'drag', 'night', 'tonight', 'brilliant', 'amazing', 'venue', 'vibe']"
Papa Johns Pizza,"['papa', 'papa john', 'john', 'young', 'youth', 'fresh exactly', 'definitely ordering', 'staff night', 'friendly thank', 'freindly']"
Ada Restaurant,"['know', 'don know', 'starters', 'certainly', 'mains', 'wasn', 'returning', 'amazing', 'meat', 'portions']"
Bournville Garden Centre,"['garden', 'plants', 'garden centre', 'variety plants', 'bournville', 'slice', 'cafe', 'centre', 'variety', 'quite lot']"
Rustic,"['rustic', 'sandwich', 'sausage', 'dissapointing', 'jacket', 'jacket potato', 'hands', 'potato', 'lunch', 'sandwiches']"
EthyOn Cafe,"['opening times', 'sold', 'opening', 'door', 'times', 'closed', 'panini', 'deal', 'shut', 'cafe']"
Woodstock Cafe 筷乐,"['soup', 'café', 'dishes', 'stir fried', 'stir', 'mainly', 'rice', 'spicy', 'chinese', 'takeaway']"
Blank Street Coffee,"['coffee', 'café', 'matcha', 'got', 'line', 'taste', 'cookie', 'pistachio', 'long', 'queue']"
SIAMAIS,"['pedro', 'thai', 'noodles', 'curry', 'setting', 'cocktails', 'quiet', 'presented', 'dishes', 'afternoon fairly']"
Swiis Nursing Agency - Birmingham,['nan']
St. George's School,['nan']
CCS,"['lines', 'parked', 'calling', 'numerous', 'answer', 'saying', 'car', 'space', 'tried', 'busy']"
Jacky's Kitchen,"['set', 'ok', 'person', 'service low', 'single person', 'leave staff', 'dreadful', 'low quality', 'set menu', 'authentic chinese']"
Taj Mahal Restaurant,"['polite friendly', 'polite', 'excellent', 'friendly helpful', 'hard', 'home', 'dishes', 'night family', 'visited night', 'walked warm']"
Hey Brew Espresso,"['coffee', 'hey', 'brew', 'best coffee', 'students', 'matcha', 'vibe', 'places ve', 'smoked salmon', 'university students']"
Village Kitchen,"['sandwiches', 'sandwich', 'village', 'kitchen', 'quality', 'small', 'extra', 'structure', 'unable make', 'pulled pork']"
Al Bayt,"['toast', 'french toast', 'french', 'chai', 'loud', 'dirty', 'portions', 'drinks', 'music', 'looks staff']"
Treetop Golf Birmingham,"['courses', 'play', 'ryan', 'tropical', 'rule', 'turned', 'discounts', 'really fun', 'ahead', 'game']"
Costa Coffee,"['iced tea', 'iced', 'looks', 'tea', 'service employees', 'colors', 'light bite', 'lightning', 'make special', 'little cold']"
Kyoto Sushi & Grill,"['sushi', 'dishes', '33', 'cash', 'rounds', 'pods', 'round', '80', 'numerous', 'person']"
The Arches Project,"['gallery', 'venue', 'artists', 'space', 'runs', 'fantastic venue', 'performance', 'space staff', 'working hard', 'university students']"
Mailbox Birmingham,"['restaurants', 'views', 'shopping', 'lovely', 'bars', 'mailbox', 'shopping dining', 'relaxed vibe', 'spot enjoy', 'mochi']"
Nando's Birmingham - Mailbox,"['customer', 'servers friendly', 'service star', 'fries crispy', 'sunset', 'service extremely', 'lunch yesterday', 'arrived fairly', 'fresh cooked', 'man served']"
The Edgbaston Priory Club,"['tennis', 'watch', 'family friends', 'private', 'seats', 'parking', 'lot options', 'students enjoyed', 'options friendly', 'friends amazing']"
Birmingham Union Street Argos,"['check', 'phone', 'helpful friendly', 'customer', 'stock', 'requested', 'said', 'customer service', 'online', '10']"
TGJones,"['silly', 'morning', 'cashier', 'buy', 'things', 'amazing support', 'available buy', 'item price', 'said morning', 'record']"
Subway,"['subway', 'bread', 'thinking', 'points', 'broken', 'cut', 'issues', 'closed', 'regular', 'business']"
Shake House - Selly Oak,"['phoned', 'cornflake', 'tart', 'uber', 'milkshakes', 'send', 'sent', 'ask', 'bed', 'arrive']"
Birmingham Museum & Art Gallery,"['museum', 'art', 'history', 'free', 'entry', 'ozzy osbourne', 'osbourne', 'ozzy', 'birmingham', 'enjoys']"
Moon Vapez E Cig Vape Shop,"['flavours', 'vape', 'business', 'glad', 'nicely', 'online', 'needs', 'honestly', 'shop floor', 'members helpful']"
Hey Sugar,"['bubble', 'bubble tea', 'tea', 'cakes', 'different', 'grapefruit', 'boba', 'drink', 'fruit', 'spend']"
Merlin's Cafe Bar,"['cafe bar', 'bar', 'music', 'decorations', 'cafe', 'got', 'theme', 'burger', 'themed', 'chicken burger']"
Food Republic,"['dad', 'delivery', 'mozzarella', 'sticks', 'fries', 'easily', 'man', 'pizza', 'shwarma', 'minimum spend']"
HANBAO,"['burgers', 'stools', 'pancake', 'burger', 'fries', 'pancakes', 'tuesday', 'corner', 'special', 'wings']"
Dream cafe and restaurant.,"['breakfast', 'dream', 'foods', 'students', 'price', 'owner', 'working', 'space', 'fine price', 'pricing staff']"
GAIL's Bakery Birmingham New Street,"['coffee', 'pastry', 'chocolate', 'line', 'bakery', 'decide', 'airy', 'london', 'pastries', 'hot chocolate']"
Candy and Liquor,"['american', 'section', 'way bigger', 'bigger', 'beers', 'shop', 'way', 'try', 'don', 'let']"
KILDER,"['pizza', 'station', 'base', 'deep', 'pizzas', 'street station', 'chill', 'filling', 'hidden', 'located']"
Damascena Coffee House Jewellery Quarter,"['chicken shawarma', 'shawarma', 'shawarma wrap', 'chicken', 'wrap', 'impressions', 'veg', 'delightful', 'positive', 'dining experience']"
Café No.11,"['nicest', 'coffee', 'reasonable price', 'nearby', 'highly', 'reasonable', 'atmosphere highly', 'study work', 'best mocha', 'price compared']"
Cafe Go,"['nan nan', 'nan', 'variety items', 'breaks', 'sessions', 'handy', 'little cafe', 'classic', 'items', 'cafe']"
Blue Arrow,"['blue', 'contact', 'job', 'emily', 'payment', 'waste', 'kept', 'point', 'employment', 'regularly kept']"
Caffè Nero,"['nero', 'branch', 'chocolate', 'hot chocolate', 'latte hot', 'mall', 'hot', 'stock', 'central', 'doesn']"
Shoot and Shock,"['smoothies', 'absolutely amazing', 'absolutely', 'amazing']"
The J Q Coffee Cafe,"['cafe', 'behaviour', 'longer', 'run', 'things', 'quickly', 'lady', 'breakfast', 'decent']"
The Island House - Edgbaston,"['fish', 'office', 'fresh', 'chips', 'box', 'doing', 'impressed', 'brilliant', 'service thanks', 'chips cod']"
The Bierkeller,"['bierkeller', 'host', 'people going', 'seeking', 'group', 'fun', 'sport', 'people', 'groups', 'didn']"
Upper Crust Birmingham New Street,"['crust', 'upper', 'baguette', 'slices', 'attitude', 'greeted', 'smile', 'half', 'cheese', 'lifetime']"
Browns Birmingham,"['ash', 'browns', 'downside', 'lovely', 'dirty', 'awesome', 'course', 'upper floor', 'annual', 'server lovely']"
The Entertainer,"['toys', 'nephew', 'children', 'tom', 'buy', 'sales assistant', 'thank tom', 'covid', 'greeted friendly', 'going way']"
cafe mary,['nan']
Simpsons Restaurant,"['birthday', 'plates', 'birthday card', 'dirty plates', 'wine pairing', 'course', 'pairing', 'wonder', 'team', 'wonderful']"
University Of Birmingham Conference Park,"['room', 'rooms', 'hotel', 'accommodation', 'stay', 'house', 'rooms clean', 'ceiling', 'main', 'centre']"
Shogun Cube,"['sushi', 'noodles', 'average', 'opinion', 'areas', 'chef funny', 'sushi conveyor', 'chinese', 'stir fry', 'fry']"
O'Neill's Broad Street,"['drinks', 'compliments chef', 'compliments', 'cleared', 'son', 'cold', 'egg', 'cleaned', 'glass', 'toilet']"
Nando's Birmingham - Bullring,"['luke', 'john', 'offered', 'busy', 'complimentary', 'seated', 'expected', 'issue', 'staff', 'genuinely feel']"
Apple Birmingham,"['apple', 'store', 'complaint', 'purchase', 'issue', 'store birmingham', 'customer', 'phone', 'asked', 'sales']"
hmv,"['hmv', 'helped', 'store', 'really', 'things', 'really rare', 'cds', 'sabbath bridge', 'makes want', 'vinyls']"
Next,"['store', 'peak hours', 'offended', 'parcel', 'shopping experience', '100', 'bags', 'way', 'peak', 'lady']"
Clarks,"['shoe', 'sophie', 'shoes', 'helpful', 'helpful recommended', 'service wish', 'thank support', 'selecting', 'experience super', 'fasciitis']"
Old Office,['nan']
Dr Shawarma,"['shawarma', 'dr', 'garlic', 'opened', 'garlic herb', 'herb', 'overpowering', 'spices', 'person', 'dont']"
Cafe Mal,"['seating friendly', 'pleasure meeting', 'recommend checking', 'iced latte', 'staff definitely', 'feel home', 'interaction', 'coffee really', 'starbucks', 'coffee']"
The Church Pub & Dining Room,"['terrace', 'scotch', 'scotch egg', 'pub', 'egg', 'roast', 'reasonably priced', 'impressive', 'reasonably', 'drink']"
"The Bakehouse by Baked in Brick, Digbeth","['coffee', 'breakfast', 'partner', 'digbeth', 'traditional', 'coffee shop', 'staff member', 'gem', 'staff', 'member']"
Adam's Restaurant,"['fine dining', 'experience', 'dining', 'fine', 'true', 'include', 'wine', 'sommelier', 'year old', 'focused']"
German Doner Kebab (GDK),"['donner', 'lamb', 'kebab', 'music', 'cities', 'doner', 'döner', 'edinburgh', 'halal', 'german']"
Elmhurst Ballet School,"['ballet', 'school', 'national', 'awful', 'english', 'students', 'years', 'career', 'make poor', 'think going']"
The Sandwich Bar,"['tasting recommend', 'sandwiches clean', 'just corner', 'best sandwiches', 'definitely best', 'handy', 'tasting', 'staff polite', 'corner', 'best']"
Baguette World,"['panini', 'baguette', 'cheap', 'eating half', 'baguette today', 'stomach pain', 'hot definitely', 'panini wasn', 'won visiting', 'fly']"
Khayyam Restaurant (Birmingham),"['iranian', 'set menu', 'persian', 'live music', 'belly', 'music', 'vegetarian', 'live', 'charge', 'menu']"
Caffè Concerto Birmingham,"['café', 'smoothie', 'passion', 'berry', 'tea', 'hour', 'fruit iced', 'iced tea', 'passion fruit', 'light']"
Premier Inn Birmingham City Centre (New St Station) hotel,"['rooms', 'hotel', 'room', 'desk', 'stay', 'quiet', 'water bottles', 'definitely stay', 'housekeeping', 'premier']"
Wok Chi,"['overall super', 'looks amazing', 'gem visited', 'chilli beef', 'going hidden', 'crispiest', 'visited say', 'doesn justice', 'easily best', 'shame ve']"
Tap & Spile Birmingham,"['fish', 'cod', 'chips', 'toilet', 'pint', 'pub', 'couple', 'quiet', 'canals', 'certainly wasn']"
Digbeth Kitchen,"['falafel', 'wrap', 'curly', 'supermarket', 'falafel wrap', 'curly fries', 'wraps', 'soggy', 'likely', 'coach']"
Topokki,"['korean', 'bbq', 'pork', 'pancake', 'dumplings', 'cash', 'wait', 'gone', 'fried', 'chicken']"
Go Central,"['days', 'rude', 'beef', 'ask staff', 'best way', 'got little', 'worse experience', 'unbelievably rude', 'haven ages', 'got need']"
Cocomacs,"['german market', 'german', 'stalls', 'feature', 'market', 'christmas', 'variety', 'drinks']"
Starbucks Coffee,"['starbucks', 'branch', 'chairs', 'graham', 'coffee', 'street branch', 'behavior', 'seating areas', 'loyal', 'birmingham new']"
Starbucks Coffee,"['starbucks', 'burst', 'surprises', 'wasn just', 'topping', 'secret', 'muffin', 'twist', 'banana', 'almond']"
The Indian Streatery,"['chaat', 'veg', 'sweet', 'home', 'veg non', 'attentive knowledgeable', 'birmingham authentic', 'middle birmingham', 'non veg', 'cocktails definitely']"
The Country Girl,"['carl', 'rump', 'peas', 'chips', 'came', 'veggie', 'grilled', 'steak', 'girl', 'kids']"
"The Roebuck, Birmingham","['pool table', 'pool', 'fish chips', '12', 'wings', 'fish', 'cocktails', 'crispy', 'chips', '12 cocktails']"
Glamorous Birmingham 🏳️‍🌈🏳️‍⚧️,"['gay', 'men', 'bar', 'man', 'security', 'straight', 'door', 'female', 'entry', 'allowed']"
Starbucks,"['emma', 'children', 'mug', 'sit outside', 'thank', 'standards', 'year', 'sit', 'needed', '11 30']"
"The Old Joint Stock Pub & Theatre, Birmingham","['pub', 'half', 'dairy', 'pies', 'joint', 'decor', 'old', 'stock', 'theatre', 'friendly welcoming']"
Hollywood Bowl Birmingham Broadway Plaza,"['fun', 'arcade', 'bowling', 'honestly', 'bathrooms', '12 cocktails', 'priced', 'bowl', 'raise', 'literally']"
O Bar,"['matt', 'cocktail', 'toilets', 'avoid', 'prices high', 'doormen', 'drinks downstairs', 'night drink', 'lovely best', 'locks']"
Walkabout - Birmingham,"['bottomless brunch', 'brunch', 'bottomless', 'lucy', 'coke', 'dj', 'dance', 'single', 'drinks', 'fantastic']"
Jimmy Spices,"['indian', 'variety', 'craving', 'spices', 'dishes', 'buffet', 'balanced', 'experience', 'offers', 'birmingham']"
The Soloman Cutler - JD Wetherspoon,"['venue', 'quick beer', 've given', 'higher rating', 'enjoy atmosphere', 'staircase', 'wetherspoon', 'tasty affordable', 'spacious clean', 'perfect casual']"
Caffè Nero,"['nero', 'coffee', 'shop', 'payment', 'cash', 'café', 'till', 'branch', 'door', 'morning']"
The Elms Day Nursery,"['daughter', 'managers', 'thought wonderful', 'days staff', 'collected', 'easy work', 'cherished', 'cried', 'thriving', 'arms']"
Lostalgia,"['vintage', 'vinyls', 'art', 'finds', 'jacket', 'clothes', 'wheelchair', 'accessible', 'potato', 'saw']"
Super bubble station Bullring store,"['milk', 'bubble', 'sugar', 'tea', 'bubble tea', 'syrup', 'brown', 'milk tea', 'matcha', 'watered']"
Semedos restaurant,"['peri', 'peri peri', 'pasta', 'chicken', '2023', 'menu', 'dry', 'period', 'quarter', 'pasta chicken']"
Syriana Restaurant,"['sara', 'mixed grill', 'large', 'grill', 'low', 'mixed', 'warm', 'chicken', 'waitress', 'fresh']"
Sobar,"['security', 'night', 'shouting', 'guy', 'clients', 'guard', 'security guard', 'boyfriend', 'don', 'horrible']"
Captain John's,"['chips', 'fish', 'fish chips', 'won going', 'negative reviews', 'hot got', 'got home', 'reviews', 'john', 'chicken']"
The Priory Hospital,"['hospital', 'appointment', 'care', 'mr', 'report', 'nurses', 'compassionate', 'sam', 'team', 'timely manner']"
Philip Toozs Hobson,"['care', 'man', 'absolute', 'passion job', 'performed', 'excellent highly', 'extremely knowledgeable', 'partners', 'qualified', 'patients']"
Muirhead Café,"['massive shoutout', 'staff vibes', 'needs pay', 'pay rise', 'helped clean', 'lectures', 'coffee absolutely', 'spilled', 'rise', 'campus']"
Winterbourne House & Garden,"['walk', 'plants', 'gardens', 'round', 'house', 'lovely', 'peaceful', 'garden', 'relaxing', 'seen']"
Edgbaston Dental Centre,"['teeth', 'dr', 'care', 'centre', 'thorough', 'fortunate', 'everybody', 'reception staff', 'smile', 'treatment']"
Edgbaston High School for Girls,"['school', 'girls', 'edgbaston', 'high', 'students', 'reception', 'year', 'fun', 'warmly welcomed', '360']"
Bank Restaurant Bar & Grill,"['sharer', 'came', 'victoria', 'didn', 'server', 'sunday', 'terrace', 'menu', 'area', 'miss']"
Habanero's,"['burrito', 'pulled pork', 'busy lunch', 'decent', 'plus', 'week', 'office', 'pulled', 'pork', 'sauces']"
Chris's Cafe,"['breakfast', 'english breakfast', 'english', 'vegetarian', 'salt', '10', 'tea', 'sprinkles', 'welcoming definitely', 'options quick']"
M&S Foodhall,"['quality', 'products', 'prices', 'parking', 'store', 'returning store', 'proper explanation', 'prices bit', 'logical', 'quality offer']"
Sacks Of Potatoes,"['pub', 'university', 'absolute', 'staff', 'year', 'chicken', 'afternoon', 'drinks', 'absolute bargain', 'quiet sunday']"
Saint Kitchen,"['hash', 'menu', 'hash brown', 've got', 'bread', 'sourdough', 'fries', 'gluten free', 'brown', 'gluten']"
Davisons Law Edgbaston,"['law', 'communication', 'handled', 'legal', 'dedication', 'attention', 'outstanding service', 'edgbaston', 'step', 'truly difference']"
Pirlo's Dessert Lounge,"['desserts', 'sundae', 'gave', 'hot drink', 'milk', 'did enjoy', 'afternoon tea', 'tea', 'really', 'presentation']"
The White Swan,"['white', 'sauce', 'complemented', 'toffee', 'fillet', 'rich', 'visits', 'juicy', 'tender', 'steak']"
Savanna Restaurant & Cocktail Bar,"['eritrean', 'ethiopian', 'definitely visit', 'platter', 'cocktails', 'tasty', 'definitely', 'recommended don', 'mouthful', 'shared platter']"
The Sun On The Hill,"['harry', 'slop', 'reviews', 'sunday roast', 'bits', 'veg', 'roast', 'based', 'chose', 'eating']"
INTIMATE LOUNGE & BAR,"['club', 'smoking', 'african', 'floors', 'dj', 'music', 'night', 'marble', 'variety music', 'opens']"
Cake & Culture,"['culture', 'cake', 'coffee', 'pistachio', 'edgbaston', 'croissants', 'chocolates', 'elegant', 'french', 'balanced']"
Chatfield Private Client Limited,['nan']
Hotel ibis Styles Birmingham Centre,"['rooms', 'location', 'breakfast', 'hotel', 'bed', 'size', 'woken', 'towels', 'value', 'check']"
Grill N Shake (selly oak) halal,"['anmol', 'attentive', 'hospitality', 'served', 'times amazing', 'quick make', 'hospitality highly', 'fresh filling', 'taste amazing', 'sure comfortable']"
Digbeth Dining Club,"['vendors', 'event', 'street', 'cathedral', 'cuisines', 'drinks menu', 'allergy', 'drinks', 'bottle water', 'today amazing']"
Alterna,"['pancakes', 'focaccia', 'smoothie', 'tofu', 'cute', 'vegan', 'pancakes lovely', 'look amazing', 'lived closer', 'definitely want']"
Colmore Coffee,"['play', 'kids', 'soft', 'lovely', 'brilliant', 'lovely new', 'toddlers', 'play area', 'aged', 'brilliant idea']"
Grosvenor Casino,"['win', 'justifiable', 'staff favourite', 'just regular', 'christina', 'alan', 'plenty room', 'casino', 'players', 'enjoy coming']"
Paprika Grill,"['break', 'iftar', 'saffron', 'mins', 'tender', 'phone', 'fast', 'rice', 'sides', 'decided']"
Pause Cafe,['nan']
The Distillery,"['brunch', 'minutes', 'bottomless', '90', 'waitress', 'drinks', 'minutes left', 'dinner', 'bottomless brunch', 'payment']"
Halifax,"['bank', 'customer', 'phone', 'useless', 'customer service', 'leaving', 'early', 'issue', 'service', 'person']"
Star Coffee,"['coffee', 'eritrean', 'breakfast', 'egg', 'bacon', 'shop', 'sandwich', 'plus', 'open', 'unless super']"
Mama Mia pizza,['nan']
Wright Silverwood,['nan']
KFC,"['kfc', 'recipe', 'retail', 'smell', 'chicken', 'quick tasty', '19th', 'fast despite', 'hot flavorful', 'unless want']"
Harborne Stores,"['pub', 'harborne', 'british', 'sister', 'lovey', 'feel', 'knocked', 'white', 'id', 'drunk']"
Primark Cafe - Birmingham (Floor 1),"['themed', 'theme', 'waffle', 'ice', '45 mins', 'wait coffee', 'drank drinks', 'meant got', 'pay attention', 'theme decor']"
Kwik Stop Breakfast & Snacks,"['hit spot', 'hit', 'sandwiches', 'kind people', 'coffee say', 'recommend need', 'best service', 'coffee tastes', 'carried', 'breakfast']"
Kingdom Coffee,['nan']
Morrisons Cafe,"['hash', 'hash browns', 'browns', 'free refills', 'refills', 'cafe', 'wasn', 'swap', 'sausages', 'cleanliness']"
Five Guys Burgers and Fries Birmingham Five Ways,"['burger', 'fries', '18', 'foil', 'wrapped', 'paper', '15', 'ingredients', 'add', 'better']"
Taste Of Turkey,"['rude', 'arrived', 'avoid', 'phone', 'ordering', 'meat', 'tell delivery', 'rude money', 'remind', 've ordering']"
Shooters Rack 'n' Roll Bar,"['pool', 'tables', 'table', 'pool tables', 'darts', 'game', 'play', 'borrow', 'sticks', 'bingo']"
Ristorante Caffe' Gustami,"['italian', 'specials', 'boyfriend', 'calamari', 'absolutely lovely', 'proper', 'lovely', 'lovely 10', 'visit months', 'experience super']"
The Wilderness,"['course', 'flavours', 'mac', 'dining', 'incredible', 'start', 'creativity precision', 'going just', 'hook', 'amazing rich']"
Pret A Manger,"['train', 'customer', 'pret', 'new street', 'customer service', 'service', 'baguette', 'birmingham new', 'street', 'central']"
Lè Mirage Lounge,"['shisha', 'lounge', 'lounge birmingham', 'ice', 'parking', 'seating', 'green', 'seat', '10', 'price']"
Euro Kebab,['nan']
